Vehicle 1 Gap Error,Vehicle 2 Gap Error,Vehicle 3 Gap Error,Vehicle 4 Gap Error
1.2733838768572752,1.7597192882224721,1.8223024486453236,1.8557593630734992
1.2417450858373256,1.8553210711867507,1.8176248463732838,1.7701517370928217
1.3351517181110055,1.8396661782617358,1.8004211780125376,1.7394346050996168
1.3384842814422053,1.8189149240517293,1.7123215079131193,1.8141693694602905
1.2975008014061484,1.7278654589303364,1.726116095780653,1.7764902577713801
1.377400555278252,1.7190932550929223,1.7243445012051302,1.7622395037867205
1.3523951573723494,1.6815640795380382,1.76667135500597,1.8422558309103225
1.3372607934252412,1.774832381644138,1.740120865125201,1.81005612970399
1.3791812418066174,1.6719401221682912,1.7395720160656052,1.796039779063491
1.2985971722707017,1.6778705335133686,1.8083586031373784,1.7735978478601555
1.335941205357229,1.6650505800257016,1.7704861481109422,1.762115030284642
1.3166944439858912,1.6586251393274125,1.8582850410140255,1.7507200593298125
1.340158234499114,1.7136404777398377,1.8559895728180775,1.7084869640037104
1.2745149445738622,1.663367977103674,1.8438271707334195,1.6867924741757006
1.2225783281264482,1.6742270677620565,1.9056885057539716,1.76361916732231
1.23256756383116,1.694007106282076,1.8717549140240908,1.7653668806718206
1.2622453578600084,1.6809005299820359,1.866307677057169,1.8063165900009621
1.2481687708507931,1.7347783437795847,1.8253433043796314,1.8147032913940153
1.2375334672213287,1.7545324810824807,1.8511253779201375,1.799600803114973
1.2956616529976106,1.751260690905546,1.8523079004962275,1.7360819551968665
1.1945106376667862,1.8234484271873286,1.7801055140328415,1.8164333442136447
1.2200534803847538,1.7922124588979305,1.8580361607782057,1.7570356577478168
1.2086611107296052,1.8737958213739958,1.8279068227895086,1.7623123648509473
1.191043240826426,1.8016242401453972,1.7741848796888844,1.710585158564161
1.250314035412746,1.7974468470826994,1.780349996715294,1.723380916858924
1.2822965045283237,1.8635102247920097,1.7110743494537455,1.8028742244681406
1.2063884054146579,1.8137695053516918,1.7790645505164804,1.8003259767206177
1.2320628771950566,1.807126408660778,1.7655973710360842,1.723048410207372
1.2258330920189722,1.881803329448955,1.8384583975801756,1.6922000681217186
1.2970683339571312,1.869417200764952,1.7976079024535716,1.7888762578623534
1.2705265927382672,1.883102174079494,1.790904228533447,1.751870451939455
1.2138745334191476,1.895346991340988,1.7825528859946629,1.6831217780472119
1.2602223423187295,1.9222632256053651,1.7550432348637517,1.7311088047147551
1.2987685552056978,1.8092497308872941,1.774199884142913,1.6845621980668235
1.2471452181012768,1.9357131074302019,1.6965063407978622,1.800395019790955
1.2063331142634892,1.8717581646150045,1.7289289217156418,1.6791255634606475
1.2539056635640535,1.9193178694641895,1.7519618921628815,1.6965331148295069
1.2491783986300393,1.8991454144657443,1.7116627844923586,1.6864698497190362
1.3176556636278756,1.9007032551008654,1.7277267064058544,1.661025491281598
1.2258125733252743,1.8467093394456247,1.7332385961536234,1.7235723932653801
1.2698694702646423,1.865596893833691,1.7199461449111513,1.7079873604226856
1.217900967385459,1.9279767399902759,1.7704740617940908,1.7260583514457388
1.2298112934966903,1.8375886382098812,1.7192188151377832,1.768849401745428
1.3099785797265957,1.8385773547765814,1.7702200115511482,1.70375256682766
1.2321990966376837,1.930176070259836,1.8058321508869035,1.6517340736659558
1.2120337432702057,1.9219774459045862,1.7035177819527374,1.7241082617918475
1.2217630855280488,1.9337494706976481,1.773820398965098,1.6659240275459135
1.249063903556816,1.9255766690614253,1.7157748093871814,1.7181611744469425
1.3088865497154436,1.8494025265362306,1.7923857101413283,1.695438366997017
1.204943211520006,1.9240558184965288,1.768933354975485,1.7202286405175538
1.316367330661547,1.9659618564470325,1.7954292633923425,1.722868192698166
1.251234068606399,1.8498824918007535,1.732578315885577,1.6396875030582696
1.2604513360195257,1.8542327543338137,1.7692496945380132,1.6162307262145927
1.1787959738096059,1.9139418156949342,1.8075289730221535,1.63731778442952
1.1816865003072987,1.9319634283387797,1.8212673770309897,1.5791887386102772
1.2195760504305615,1.8611973313385608,1.8152373799761614,1.663206900553876
1.2515706929411081,1.838812228918318,1.7759153218063526,1.5666976506808297
1.196810085000401,1.8553804391347044,1.7839089388842786,1.6968863036855795
1.2455864437158906,1.8255239833758492,1.7744287432284067,1.5853067359988788
1.2751093379822245,1.871361250229406,1.843576795197733,1.5966707905650597
1.186736864054739,1.908217403952004,1.8200680771648061,1.600846342950156
1.285122435711,1.8447552804605696,1.7709508135103396,1.6216356042523379
1.322522089412804,1.8369012139186314,1.793408257719876,1.6047524321720168
1.2596247060767598,1.8251717638481644,1.865356196371195,1.6093420898315425
1.2698551964086988,1.8603530504811796,1.7855245760949692,1.6020742151403002
1.3072615590217564,1.860911228510035,1.7678434879191025,1.5776207705847272
1.2956894615097725,1.8098849269798327,1.768936052110515,1.5574575962932595
1.2520500648194757,1.9113893766236707,1.8114341389816584,1.545673209486357
1.2842045324781761,1.8442850856936186,1.7601797125151264,1.5183420502549354
1.3655406268015802,1.9039239643661552,1.6946134717416914,1.5802580924319152
1.2979976301280725,1.921875179708083,1.6792085672481414,1.5441782693302426
1.3968609415297868,1.7906349006605877,1.8133274215629394,1.4949735740353467
1.3190862731814166,1.7968884944384014,1.851408758064622,1.539352227676802
1.3516124047830993,1.9250455450435835,1.7967460111639446,1.5235761804954886
1.2807161057187857,1.8303645335514602,1.7920987426481898,1.5386865308034494
1.3888679191007767,1.8478363102757096,1.7740591971161268,1.5694195431274447
1.3086081509426557,1.7878399065714814,1.7667475085508322,1.5615104145151815
1.410463788518292,1.864738109412099,1.8037526210879316,1.511189792761162
1.3316574867553057,1.8225794611536834,1.7981069803709762,1.507568479231658
1.3703453294519972,1.8402607023635777,1.7954245863867757,1.5577224718781726
1.4029662635878206,1.7600828972345672,1.7698763791042533,1.6013433395393126
1.3758097345858302,1.8039166139950464,1.8681632763136347,1.5501393564974464
1.4077143170261945,1.7554860017302487,1.8515488907276718,1.5082785646691539
1.2903515400764287,1.7816561533196467,1.803173942659754,1.5246708724786884
1.3690330330683405,1.7654437312932112,1.9045212421432751,1.4917474600705485
1.3071643896389729,1.7961282630695536,1.7834947140527078,1.5511151274372095
1.3290712557670972,1.8137290271761333,1.88917895191235,1.5494591227699455
1.3002831885394466,1.7494510546646298,1.9148355088705826,1.5519385631050087
1.3939240508778528,1.7894264882689277,1.9414300602937673,1.493495105591513
1.3359495938893682,1.8693310535543648,1.80651351430468,1.4540959821023614
1.385046583485202,1.8202578089252657,1.8744045763327586,1.4984565845646007
1.4244308778283359,1.8155516600526904,1.8510893508364035,1.535654688917047
1.4207822159917587,1.8372001694487485,1.8738371840264758,1.4772100239360872
1.4146964828783477,1.7638762811837037,1.7926031122658284,1.5561283070131333
1.4428811490463782,1.7077244366879838,1.7805534351446415,1.5207109600341897
1.4841461171640704,1.7138056844942477,1.8397019110931203,1.5867460481966869
1.3733495016766102,1.7075736034929707,1.8927756576455437,1.5465281906180839
1.420108275379007,1.7524907173156716,1.9393174244030909,1.4558898758509393
1.3805211743589068,1.683287219473773,1.873776249797669,1.5621341380629206
1.3484393871340101,1.6910960196130898,1.9333726522293553,1.573166559323989
1.3650478018461585,1.7289965435488863,1.90757923662209,1.4903833851970676
1.4555295890558582,1.7497543363936519,1.9541202213596907,1.490558401242887
1.3694741204583298,1.8082888300983648,1.9171549916700417,1.5681300596522934
1.3184448059808918,1.7457089912308823,1.873043534471003,1.521465168492127
1.3572632746834583,1.7693050666403285,1.9137435142162476,1.5270444042335933
1.331128016577321,1.7472070622164955,1.892105499169531,1.561994096546175
1.4036911119298199,1.807874206743072,1.8338772737583544,1.5059185249121865
1.4233973553778632,1.8246009980329863,1.9242351002204199,1.472150785560331
1.4285019300183799,1.7846542693183176,1.8231420517897026,1.5210691174304198
1.4165417908514475,1.8063859256514223,1.8720397097388313,1.4882059479094552
1.439874660001483,1.850619668868049,1.8663002210075805,1.4660885309348375
1.4402019892958342,1.8611223160520831,1.8219729018808506,1.5038249415928244
1.3716321797318414,1.8210837979845231,1.8537287676223775,1.509456910992229
1.4614476207116875,1.8303881307727554,1.7679173494940628,1.4417289771171653
1.431261765970194,1.7590985359624876,1.9031359573638156,1.4980108100444922
1.4495047642324463,1.8854646828475925,1.8832379424317183,1.4127187141498125
1.4220351840067775,1.8078681354626749,1.840580144556096,1.4505433171256228
1.4739412304665263,1.7835615905964635,1.8215300667579788,1.4068212765847634
1.4253299483098472,1.7620158573811735,1.8708358471596198,1.4478272945594153
1.439396637570065,1.7597978745209053,1.919639702350715,1.5049545588888527
1.4767907870145822,1.8122940783391464,1.8412889297275488,1.5332627925511049
1.3918161339521111,1.8409107569330372,1.8316862558596947,1.4387156214454868
1.4290501064084884,1.8563531245093632,1.854809724298148,1.4644190967485664
1.458554795442585,1.7220180923087116,1.8509581165435836,1.5041034689011141
1.4157493254076132,1.7209248225054696,1.944169693442377,1.5089852664019188
1.3775664431350356,1.78283565428241,1.8389073558519828,1.5045159529759244
1.422554835123126,1.783755395433341,1.9082797832908311,1.4250993623007293
1.3554141488860867,1.8637246535387115,1.8152877714542615,1.5069158193075518
1.4372238644523043,1.8537687757591388,1.8848081833810788,1.536697857997865
1.4066606464216145,1.7295206722637304,1.848427513065651,1.4192231916287512
1.36336589235753,1.8655363105567333,1.9017054431441052,1.4598658136399165
1.3723209017325106,1.845091625430224,1.9060885503580844,1.4597572694349736
1.3396246146353996,1.8131893328297042,1.8190092812943108,1.410477408430384
1.2940315658027441,1.910878659629728,1.763278075381442,1.4748650347316437
1.2852806567397739,1.8671221070046196,1.8442437456491017,1.4961887004224423
1.3459329154241026,1.8617821891153143,1.7829002175381015,1.4534837038332804
1.3818159614090173,1.7655658663302498,1.8824271100382792,1.4379794128386676
1.3664979943568087,1.762049735230264,1.838899082130658,1.4823101703146064
1.3023616155100992,1.7845889219011801,1.8202175815570518,1.4784407757042581
1.3653207093452018,1.8440548612174616,1.815161963282835,1.5131554131785907
1.3086170013652465,1.82495046203554,1.919818191812988,1.4841542578023224
1.416825654635526,1.8810827292317258,1.7907218000851328,1.4248503676048094
1.3605093201223228,1.9101091054467796,1.7995897924288302,1.431052811819653
1.4326976386281158,1.8097286390605718,1.7601362730979266,1.4566038400252594
1.4169455643130595,1.8126214442627546,1.8332656322407357,1.5236159739842208
1.3415292265424048,1.8580717816507044,1.8688422122987758,1.4979175333954982
1.412914545006985,1.8868190873738255,1.7642149046484468,1.4472491602996054
1.4443109395483482,1.8086584334910838,1.799958168048276,1.4457846322178831
1.337051215246035,1.8172140538800363,1.781862139448004,1.5151341570035424
1.3824323913538383,1.8846258633635569,1.8374294339265806,1.507998578931276
1.4292238280869785,1.8056397373009059,1.758821188505796,1.4973519874949708
1.3881627228096494,1.7842583686969493,1.8481442341355385,1.517294758589971
1.4349369204904163,1.8270639944237765,1.8878118002719386,1.449263356024606
1.3566954346037816,1.7890350471712186,1.8539294163596836,1.4897402262094852
1.4782786162261425,1.8452721387060174,1.7568647923556076,1.4731852647424422
1.3708192514210658,1.810946821139591,1.8088286396430737,1.5549725446637805
1.4780913042419037,1.7407438744048367,1.865552119799593,1.4781235606976524
1.4355592815289668,1.8410523195160247,1.8466806061059313,1.4658281785131755
1.5120253618712223,1.8462219146362444,1.764757019088972,1.5033005058132969
1.3916224416898721,1.8891601666492126,1.71187540893508,1.510483376651527
1.3865499356145712,1.7703043791997803,1.7472691099520934,1.4616157651378408
1.4473912664901505,1.7819975019414342,1.7594018790429504,1.500399743903253
1.379298319839536,1.7562165261848866,1.7415096649333202,1.4567316517630249
1.4849014677421724,1.8419949086694882,1.7542531115361926,1.4622872969560898
1.3946555479437186,1.8544299926126664,1.8067036243952477,1.499012080520612
1.5113365534952483,1.8050237989645517,1.7066411708494647,1.5536083756807222
1.547884744376716,1.7206506897814786,1.8068536993043933,1.492102251950819
1.4272010496219,1.8075132793079596,1.7713544602092428,1.4723013201765376
1.4352466365044347,1.8365168181381888,1.7147415318858594,1.454831224560277
1.4958567305049844,1.7290375390213022,1.7206694798129534,1.5611577841623534
1.501051100960959,1.737432432703672,1.8109344920181547,1.5770566820761323
1.4500915931635112,1.7422193245619702,1.7951958196429296,1.48620051648534
1.4445054689852181,1.6756601623365097,1.8555937656007333,1.4835594735407063
1.4085840924705675,1.6827798996226964,1.819964192700826,1.4344975438860246
1.4180508600678507,1.6763373109235604,1.7732327825161072,1.542206364943222
1.5153735537556492,1.7412939969769652,1.7365311534630132,1.4878120024571277
1.4270687259833794,1.6866316364125535,1.8562239612778297,1.4983843585873289
1.4616446066125213,1.7925589040467167,1.7562778737950988,1.4541108549713928
1.4439712536310845,1.7154474995120972,1.783641123125213,1.5142240670566354
1.4401652296468899,1.8222087533505555,1.796921749520135,1.4743569944694301
1.5194331272103896,1.7498332968832413,1.7391648600584069,1.5524977306956442
1.5047897944883863,1.7674553644930548,1.7544469074991524,1.4641343448688593
1.5590909802855193,1.6861469461401102,1.85075023409264,1.421908681854862
1.511058928556364,1.74188513039952,1.7224732956572422,1.5274626434750225
1.60151025754545,1.7150419016185254,1.7670856960871162,1.5759204265522504
1.501513853976694,1.7852112962983626,1.7395553443747995,1.4700774334175635
1.5572279281868027,1.7873029231683422,1.7688709435428391,1.5476279772448498
1.5917971093068783,1.7099322951887266,1.8163972346793913,1.468678216992977
1.478233420049012,1.6883292917880586,1.7762850350517634,1.4505663681435634
1.5181806909163926,1.6829292051588616,1.8504591381290476,1.4118457433079747
1.5250597925724665,1.7723844981913324,1.8632718317026344,1.4160088505632382
1.48380136923925,1.6997108556646392,1.7701748119251293,1.4478504528946052
1.523852840800441,1.7084640509169602,1.893283945148906,1.4510763565747777
1.557114327053931,1.6886061099030036,1.8609704388945327,1.4832531557094772
1.5052321130060422,1.7531804338832675,1.8769293989914035,1.374306450639673
1.5610923866057673,1.757591576712168,1.8492970042505097,1.4932209697964467
1.54577965574695,1.7091254911475349,1.8052797959870914,1.491724284406943
1.5074675503280814,1.7755225428206685,1.7774473214435949,1.4613551320644595
1.4578376613023352,1.8324094176814096,1.8437169191235778,1.500003637217176
1.5484376542915954,1.7327021134523894,1.8595385839930545,1.478958368972052
1.5160620180013873,1.8162661782585272,1.8196934571891874,1.517736923684426
1.504017277134679,1.8013641939740186,1.7633185554764768,1.5009556403212634
1.469596873693483,1.7355894536614747,1.840962319138706,1.4222139608045858
1.487471417907678,1.7986043210636682,1.7720017522369607,1.52616923287709
1.5059851585762152,1.703632811461313,1.863005857882528,1.4132019247338259
1.5119706292488049,1.673330058569059,1.8672946638475096,1.4413457226377688
1.4476195083144994,1.790158869574765,1.782110078032109,1.5221730028414817
1.484149565183143,1.7127204584110975,1.7784709738458435,1.457262705317384
1.4560733796651615,1.8029174930053986,1.7553817725329202,1.4866505713435179
1.5361656474473433,1.7908865613166145,1.7087439946804857,1.536687815626006
1.570453244588926,1.6756067208235192,1.8134620785955158,1.5253898978434273
1.5757655688179284,1.6385428651568357,1.7512248303131046,1.544133316895218
1.5149147194841843,1.650333358963049,1.8467894581838742,1.5329284908474432
1.5310926966814913,1.7290978669959554,1.8073384945619644,1.546091328881293
1.5807536449364856,1.643522554330206,1.788048531209585,1.4959814836455347
1.5870499170619894,1.612714842831386,1.77128223694586,1.5358943372076652
1.5049649280940076,1.6418632676930698,1.856635360721981,1.4686298442634338
1.6190800393464566,1.6453468886652853,1.8940317542900629,1.4564908859109442
1.5622879509672618,1.5788434015305448,1.9365497813655108,1.4965284194260438
1.632774516069674,1.6919455207998064,1.790507030672003,1.5227557850710318
1.539713475609895,1.5832155576886762,1.86550589927002,1.5116191928882348
1.614960869985314,1.5896988806186205,1.858547891040112,1.5342005898361433
1.5921059012570309,1.595112959694859,1.8931225307723771,1.5261575071303728
1.637782529473922,1.5179344258821605,1.9287625654551155,1.55340503843918
1.6100936049532466,1.5140588400714696,1.9948881213154528,1.5227235870624898
1.6065733913325158,1.5734258238146075,1.975034060017863,1.514068792878843
1.672306285728812,1.5505386513247692,1.8742818873051452,1.5066831341279312
1.6153353243555926,1.484208159976811,1.88717171292461,1.547825549404596
1.6777422994860554,1.581271379783972,1.876312538056927,1.5830909809856069
1.6171563954942791,1.5312476818762235,1.9177046446815131,1.4864660469652207
1.617880467854611,1.6154350871813405,1.8790515544326132,1.4859780063594576
1.6559387442520572,1.5452158542560928,1.9018814218278077,1.4799232427567226
1.675731105728829,1.560449223236438,1.9179259040876269,1.5070119333197187
1.5955587121897117,1.553566270143285,1.8976110159831232,1.4569456018118858
1.6856843927015688,1.4987464283388818,1.8425763505646975,1.5364502440981136
1.6849673904849407,1.463257966534261,1.974544817596863,1.5005541227343153
1.7463671174201902,1.5186102978309566,1.9763306823645603,1.5042330653082279
1.7590229787638894,1.546626178533447,1.8617675321965579,1.4738631434252918
1.6519493095155955,1.480680929407899,1.9153948344830516,1.469077818148
1.6324319126806728,1.518967946727174,1.874696417689624,1.5498497791799442
1.7207678015771686,1.4916737433820884,1.9392017070904308,1.4536648571784645
1.6328533042844056,1.5706842309651856,1.8648338488843925,1.5349723421101653
1.6655767928175957,1.5273755980352668,1.924117022087107,1.5158519353750695
1.688873136823461,1.5944526017325322,1.8597317244855045,1.4735098975379541
1.6747460449395835,1.5563082356844893,1.8198914883978046,1.575430261972485
1.6933110383403203,1.59786675237835,1.8077817551977446,1.5417871477168994
1.7178108470274074,1.5928668885271997,1.7752501986454456,1.6096125391205263
1.666914006323767,1.5565864521594577,1.8014184676361973,1.4992849970472482
1.6077474329249033,1.6237995957150702,1.7853946784873558,1.52487882747047
1.6327061694873444,1.6400777652325806,1.784305275333796,1.60121867342075
1.6899001383842025,1.6365987844718681,1.7618137724018679,1.525220517591876
1.625666544487697,1.6056221078411568,1.8357463947538144,1.5110684868743292
1.6468630056628646,1.6765310683334333,1.7641574320187137,1.4669464268642418
1.6757776237063617,1.6617375571160604,1.7012205279867585,1.5860309711363576
1.6949832012293031,1.6681173267888605,1.7354172309052838,1.6049456576970225
1.7227342073567469,1.5968077417637865,1.8057427678733529,1.4929657609530498
1.6325669142760955,1.5982366323981974,1.7897883314430318,1.5580445905104257
1.65178701772764,1.6074732859888412,1.7859998580134455,1.4874128411387781
1.7190671746326447,1.6522708827475592,1.8115608897838649,1.5236606098581795
1.6945469947867164,1.629476625396241,1.706358785515265,1.5084348947380466
1.7321852934061717,1.5681496649717297,1.767774034017393,1.5705134234666551
1.6737916941468285,1.5730287551310917,1.7706808603972277,1.4962518166880807
1.6868294980439087,1.6691098445724228,1.7080153515703986,1.501543649142981
1.6890976845910504,1.648209477919055,1.704961184761221,1.5767269059828632
1.7145058234136257,1.5624129780124152,1.7851866740235334,1.5634995263981208
1.6409850490286075,1.5584113402916056,1.699033413265251,1.5195393121360476
1.6734371967374728,1.5252408942952922,1.694488438255715,1.5217288730628598
1.6262810385057542,1.5402237920292987,1.732019531289184,1.5691166849727014
1.6194686770772289,1.5332366890663929,1.7096186970593568,1.5971286662639015
1.6152554812811855,1.5872564884117382,1.7829597637491648,1.6334165058773205
1.6619122805194464,1.6252302691816363,1.7598177351225224,1.532552770259766
1.57297473592959,1.5305082562821757,1.8137520187008507,1.55786182328315
1.6160213320209462,1.5688900649821207,1.7074012463741632,1.5064264425341176
1.5465684543856177,1.530182779336124,1.7604928683037802,1.5445565870134965
1.6006504182202814,1.559304098704025,1.708895869767403,1.5070486442007431
1.5353849991792687,1.5269963697893805,1.7644533789108978,1.5359639600264328
1.5724017408017597,1.5503226217203179,1.7126576583835451,1.504641495887777
1.5061336546503572,1.5222775791823757,1.768355173574669,1.527610426410372
1.538709532295338,1.5405159974541105,1.7178392649776852,1.5005622547043296
1.477120256423596,1.516130299107914,1.7730564313168813,1.5183661768002796
1.490734292179674,1.529077604372174,1.7243963715280706,1.4951474243389908
1.4316502852545372,1.50864900014898,1.77881796908619,1.5070609674535853
1.4801749248209242,1.5139114353439997,1.7329146914760956,1.4882491906630628
1.410118400906772,1.4991210093508118,1.7859298024838894,1.4907556359600203
1.4533001008967243,1.485865971426517,1.7462276461097779,1.4789755280376968
1.3911805739936778,1.4841501278800626,1.794955206131592,1.466135439716488
1.4210553202156064,1.468559008244382,1.7590677344309285,1.466135439716488
1.3768674348065226,1.4743909752072453,1.8028780151922095,1.4541737521114633
1.385577257898837,1.456518812778783,1.7693508639794846,1.4541737521114633
1.3440255837965545,1.4702633750767191,1.808592370609385,1.442830407702072
1.3660866581028475,1.4472578524210276,1.7767335400440034,1.442830407702072
1.315175970424292,1.4729327749428047,1.8107397866759305,1.431966608606393
1.3449838908933018,1.439469650154701,1.7802044743232326,1.431966608606393
1.299051527729055,1.4788700665315488,1.8086950468135163,1.4215125795779695
1.30697279675418,1.436384034700081,1.779332867261994,1.4215125795779118
1.2343439837558887,1.4830741038687765,1.8042213857286273,1.411446560863462
1.2698135095486585,1.4350100885176436,1.775994040780469,1.411446560863462
1.2260479993208975,1.4849182318238112,1.7983864019647116,1.4017809982061804
1.262913716550083,1.4350219133167292,1.7713384228572182,1.4017809982061804
1.2185772204123082,1.4857740519517084,1.7917372852226032,1.3925613055257449
1.2652401147506547,1.4352653465552483,1.7659983254083138,1.3925613055257449
1.219740804997528,1.4862827195697323,1.7842269659984922,1.3838772635574035
1.2527687300480461,1.435215014033639,1.7600486221763707,1.3838772635573453
1.2025565545746142,1.4864620114478897,1.7754750190449293,1.3758980685955344
1.2457145611245783,1.434862178829222,1.7533289627563495,1.3758980685955344
1.2079750043849717,1.4863159032167732,1.7646468753772253,1.3689713419819642
1.2114692470968182,1.4372160334577804,1.7454969222885168,1.3689713419819642
1.1810826209413254,1.4876451158983026,1.7497382067026792,1.363984157896124
1.2069309541412516,1.44126917896223,1.7360247560779096,1.363984157896124
1.1482088040856389,1.4904014618462802,1.7219483572965184,1.3639841578961822
1.1624969328574375,1.4399399827940904,1.7219483572965184,1.363984157896124
1.0936169580542896,1.4910069232270202,1.707320216603598,1.363984157896124
1.1317123252790213,1.4389198369357379,1.7090810665123932,1.3635094176903784
1.0877855238805645,1.4906226047015183,1.6929830525673615,1.3635094176903202
1.095186519793824,1.4400590202630834,1.701300257551622,1.361262314130614
1.056892506862002,1.4911705863757163,1.6805899187488111,1.361262314130614
1.0779287636052057,1.442168008091309,1.7030529962922198,1.355196217435351
1.0178287806477835,1.4926250605076588,1.6722092736546812,1.355196217435351
1.0509615328611868,1.4411395327807615,1.7113718029726273,1.3446441813157617
0.9960253568294826,1.4926422613906287,1.6680152451173695,1.3446441813157617
1.0296656214341278,1.4407941542690876,1.718473036077195,1.3310746890886676
0.9762163140348903,1.4924334351132083,1.6667986915103787,1.3310746890886098
1.0151571865430626,1.4406281703338286,1.7217578850362854,1.3163076904757247
0.9704592714217297,1.4922483819378631,1.666784321228962,1.3184961396972699
0.9960816549572022,1.4416030129226534,1.7229818889739263,1.3018723873130713
0.9507403152449376,1.4927716698059323,1.6672292228517551,1.311131332036949
0.9900101210386147,1.4423395471862004,1.7236887689969143,1.2895064334415842
0.947239122334727,1.493429729470809,1.6677668366103888,1.3114515513613436
0.9545907401893277,1.4435046705922772,1.7242883079790858,1.280957023296272
0.9008767967397182,1.4943946711473597,1.668379961907498,1.3155747692973536
0.9253817318300133,1.443090140210221,1.7249065983170428,1.2762226555143106
0.8854209765825007,1.4945500612309899,1.6688295139278386,1.3185839414461928
0.9139080581987109,1.444920882860568,1.725415993830016,1.2737982184737922
0.8803846617583073,1.4957017047688592,1.6694921727536598,1.3223864289734304
0.9092952636599139,1.4481052221242199,1.7260408274223922,1.273246103202248
0.876717674059659,1.497971948132634,1.6704128825591136,1.3225842117194455
0.8998946599092044,1.451285977154586,1.7268814773441146,1.272943719631566
0.8720280449642925,1.5007277114054212,1.67144131051182,1.3222680286783515
0.882398249682876,1.4558766679022468,1.7278648827943908,1.2726546699398962
0.8581499123318379,1.504350014797169,1.6727446014795309,1.3219657719430056
0.8523230035932139,1.4616964575781366,1.7290826881032744,1.27239086230884
0.7984804333045226,1.5088450072113364,1.6744153047827233,1.3216898968591058
0.8119296802154412,1.4600738464421377,1.7306255800651202,1.2721651627961452
0.7573350731300361,1.5106854612685434,1.6750661085397245,1.32145386264571
0.791086602261875,1.4597932122411756,1.7315841749288117,1.2718587943645283
0.7536512486689906,1.5113349052904654,1.675533312011264,1.32113345026589
0.7866939790211469,1.4619359810371066,1.732214991692635,1.2715083507629266
0.7328788468092986,1.512864220953173,1.6762228144436953,1.3207669204348806
0.7363579879595965,1.4616409277582383,1.7328967237013453,1.2711595558385156
0.6867834072211776,1.5133453493550317,1.67668852319993,1.3204020917079209
0.7219022190712596,1.4613022228657644,1.7334369892966532,1.2707897888692656
0.6807834498207737,1.5133246420357458,1.6770814063493473,1.3200153014508769
0.7125434742585046,1.4629747659142085,1.7338813206511277,1.2704046522526142
0.6788685689611773,1.5143361965965068,1.6776786049410481,1.3196124060463452
0.7040082112948061,1.4662055868244965,1.7344406541835942,1.2700283833245756
0.6465555953649715,1.516599615451344,1.6785478882455327,1.3192187596148992
0.650474318033238,1.4651214157000485,1.7352262731366297,1.269674232593737
0.5935750625423397,1.5169801575757318,1.6789766574740583,1.318848227862801
0.6301387895616122,1.4646115606460652,1.7357732480803025,1.2692873808117975
0.5811261371234604,1.5168075557980853,1.679338225310671,1.3184434546662414
0.5973048693580854,1.4650053782732702,1.7361972805536894,1.2688819424723166
0.5421770742930372,1.516990119607271,1.679775623515562,1.3180192025649533
0.576471412871012,1.4646779879696887,1.7366373622370292,1.268473802182596
0.5270957408531278,1.5168536809702409,1.6801570779219461,1.3175920906489473
0.5405240921456418,1.4650192012555254,1.7370425624150223,1.2680571457879068
0.5154250583890732,1.517016744741901,1.6805945779440306,1.3171560330157246
0.5237440412242422,1.4713992878472681,1.7374769982120544,1.2676391761267563
0.47370336122625867,1.5205385442964805,1.6818561677267305,1.3167185665553722
0.47321578114816365,1.4707796924526328,1.7384985178998504,1.2672856546684197
0.4772371377367022,1.507206833143627,1.6824644611954116,1.3163485275677802
0.4314834717799667,1.4707450191082105,1.739247757053831,1.2668941459459306
0.4497062025203844,1.4991144789439401,1.685547428719278,1.3159386974437859
0.4181955453757187,1.4688682305105174,1.7415833880218399,1.266708157990117
0.4268384783445105,1.4943130889738132,1.6901632628959735,1.3157439951129368
0.40102299467939506,1.4684702541417085,1.7453652868388736,1.266758190935763
0.3821166900247044,1.490217157812023,1.69617374844748,1.315796373007497
0.3878527825425202,1.4550904218640235,1.750447074337965,1.2670762915139742
0.33415748825726976,1.496239048672063,1.6988755126911794,1.3161293706615158
0.36326657529209316,1.451555652230796,1.7542721783174047,1.2671129271063526
0.324078840870514,1.4998680631754788,1.6998270801929296,1.3161677206518578
0.3425769210616103,1.4526305207678423,1.7563485300171746,1.2668586293830795
0.303733778852572,1.502380059659584,1.7006694986009778,1.315901517303483
0.3009274005752731,1.4541813290402663,1.757620133116513,1.266492803574899
0.3037633079585902,1.491595899594019,1.7014858886368218,1.3155185417286446
0.24597473986747276,1.455867290869512,1.7585939880668726,1.2660855459197333
0.27329410157761846,1.4828116181564122,1.7047578445793419,1.315092160443788
0.22149622154699267,1.4532114138778427,1.7611358758514046,1.2658787984394397
0.23284225029994987,1.4741490283827594,1.709600698009429,1.3148756919407933
0.1786555696317218,1.4490443935478363,1.7651425496654944,1.2659081194220745
0.19475519275556308,1.460924700233357,1.7159453172844996,1.3149063920856867
0.14779177909980468,1.4351151694273607,1.770511760541969,1.2662174197425724
0.17995827611200377,1.4419129937732333,1.7217030864048297,1.315230230323687
0.11397192182851446,1.420281987847304,1.7761605628337906,1.2665801665838021
0.16168152571009564,1.4139891693647901,1.7294938448973372,1.3156100027142594
0.139651914828272,1.3924883762728624,1.7829100031265734,1.2672473546330738
0.1382795687464231,1.402500724962827,1.737060606635851,1.3163084365555222
0.1241367430777085,1.3747665601354342,1.7901019970773726,1.2680465253153033
0.1373347499160522,1.3893350180143282,1.7415722974175365,1.317144917563155
0.11492058515714976,1.362694629456708,1.7961779626323273,1.2684635466620349
0.10633488791526635,1.382322249647912,1.7468988779693784,1.3175813579991527
0.12929114309077394,1.3393475418294742,1.8019603126254506,1.2687864737390098
0.09349315387387946,1.379633310768738,1.7478830195346569,1.3179192990739668
0.10875852830244614,1.3290741098853647,1.8050060152845697,1.2685822080153244
0.08262073255671853,1.3655134959706792,1.7478949903461816,1.317705538707115
0.0964524112386953,1.2982890566413339,1.8060183032261206,1.2681172023910943
0.09940483259520483,1.313426064456821,1.7481082131379884,1.3172188882108995
0.11015798875264471,1.2457294352788892,1.8064640637781646,1.2675885420767283
0.10295789885757078,1.2754084980968834,1.7487731846591523,1.3166655682595088
0.09626124493288568,1.2344437548568465,1.8070778658410185,1.2670708284569852
0.057348818229962184,1.278044155727017,1.7505170289957714,1.3161236519325463
0.11731359110090867,1.2159902371405473,1.808514963616,1.2666345556286114
0.05438066983851786,1.2607776903969952,1.7508021882876976,1.3156669422389622
0.10991627510939161,1.1916936042174027,1.8091446216994234,1.2661062339574998
0.08358191870932297,1.2265281453791435,1.750985917794011,1.31511382073493
0.07445323034818174,1.170063042917894,1.8094551402828123,1.2655408645649668
0.10268362114883511,1.1790356577225998,1.7510562784527237,1.3145218502447062
0.10940092802756363,1.1165616183545795,1.8095915811555647,1.2649533137533187
0.07225238689143665,1.155665696727167,1.7508625666373954,1.3139065861305657
0.10766392652627155,1.0976543883772916,1.8094821777569057,1.264337571386891
0.054128868268189745,1.141354326760752,1.7508811955946775,1.3132617253012868
0.08584886462357555,1.0733510857103852,1.8094675047419009,1.2637245982812164
0.10859471992508762,1.08582509994381,1.7505481699487455,1.3126196875261686
0.0778206274956792,1.0385178002228352,1.8092121602719748,1.2630842892740284
0.0749373057124294,1.0570511356571202,1.7517341545505327,1.311948934940323
0.09464607228022848,0.9899047472325195,1.8100241040654543,1.2625392323331766
0.09894128940511959,1.0052662249858342,1.7512648199619476,1.3113778961483686
0.08035778612688182,0.952963594616101,1.8098986099556167,1.2618981202717547
0.09885906282543222,0.9712701722132446,1.7518197809470815,1.3107061440454402
0.07107600171843265,0.9293324870694222,1.810280111320167,1.2612978109483928
0.10126474279918063,0.943190094035939,1.7538645093227547,1.3100770664029393
0.0600373382575754,0.90841736519649,1.811869221687136,1.260817534604684
0.1042791374099381,0.9109715810744459,1.7574036559983455,1.3095737191414405
0.07571825313756908,0.8765065217865433,1.8148119930415714,1.2605005984639446
0.07316323496768007,0.8881905723974621,1.7608555842922455,1.3092415315656396
0.09025107620660155,0.8322398859884179,1.818131860052706,1.2602282052604519
0.0938669062892954,0.8456244678938936,1.7605643035509546,1.308956013274258
0.07336125098181379,0.7955270184724519,1.8190171955138545,1.2596485000387148
0.10814526925354717,0.8052195942714084,1.7608332418086876,1.3083483224192727
0.052982193767848296,0.7681951529707736,1.8194628694112867,1.2590185542293777
0.12230868653258509,0.7628626698846102,1.763945703578464,1.3076878835112011
0.04622700378354816,0.7382005799850964,1.8218165812314164,1.2585903135850938
0.12153847195494105,0.7222901585370332,1.77088174924079,1.3072388643938
0.04223628773343924,0.733349436164727,1.8168251924159287,1.2586164497495105
0.11681580624926324,0.6746620279968525,1.7754641093954642,1.3072662698422834
0.054181202218009705,0.7059958344663604,1.810450324392284,1.2601429333194374
0.09517073165468748,0.6430573892702391,1.773398763076361,1.3088666292992528
0.07168161094434589,0.6582794882569973,1.8045493976691973,1.2626239301056401
0.10213462636821324,0.5962675848423911,1.7702099477294775,1.3114666353679376
0.07745400301362859,0.6188450147849969,1.7984951117157801,1.2658099582346272
0.09498595042004943,0.5671472694659303,1.7661345994245332,1.3148036130386327
0.0742191861731114,0.5880246055966087,1.7931353956934704,1.2695781206336432
0.08883137337236646,0.5372122325940853,1.762377119849313,1.3187476661071575
0.09635677800882991,0.5511677613538706,1.7875720803627781,1.2738687714223906
0.062738735867083,0.5168977688164342,1.7582327674672236,1.3225456807241072
0.07414200273834948,0.5146045622886399,1.7847555809192186,1.2784610537424732
0.11041687736218764,0.47954997635441776,1.747272352902721,1.3260415677171031
0.06373897938527584,0.5019230000158321,1.7727103681570369,1.2804209472407808
0.11401910138381588,0.43524456681211254,1.738479721788245,1.329413114097922
0.07909415041671974,0.468237430007173,1.766185908829518,1.2836013856081228
0.07417552618686685,0.42762589812551344,1.7342792892062886,1.3325842093912494
0.12600652190889838,0.42578972887826416,1.7621735946773418,1.2874214510614754
0.08574826774724409,0.4389927144789201,1.7190954974892678,1.335556926080959
0.092210386407793,0.40728372525450296,1.7700580247651119,1.288334763265881
0.09514281572990191,0.41545117608752147,1.7217944164675565,1.3383291323047088
0.09831683368837107,0.38188346264263684,1.7759739332439488,1.2889621410247338
0.07105272803322848,0.395600435433052,1.7247883681190728,1.3389949319009928
0.12530900769243436,0.3463025034364151,1.7804068329919813,1.289234231468857
0.05385909084633589,0.379825465755677,1.7250158767715864,1.339278678193256
0.09873756480700213,0.3253260477575717,1.7822464847298494,1.2890894555539463
0.09315682619125343,0.3354469918378935,1.724898490935555,1.33912770185086
0.10519464374877052,0.2949767976480653,1.7827341624693815,1.2887854970851835
0.06631650094965025,0.3235452159969965,1.7271861754171196,1.3388107143937202
0.0872437165893496,0.2869580344891878,1.7845020127166547,1.2886235598533018
0.0719423138588533,0.2976392556466547,1.7301979211496006,1.3386418296582852
0.11041903163115041,0.25252538201685204,1.7871331262656058,1.288571328194391
0.0870251731098195,0.28129116193079384,1.7305841761099678,1.3385873562177966
0.08270592687328016,0.2503361094634369,1.78827022778075,1.2883249791144626
0.10273636535968511,0.2515594561090435,1.7352246926866952,1.3383304278135912
0.0850461028847298,0.2257264198560045,1.7917666197987088,1.288392394504445
0.08556020216775395,0.22766611438950468,1.7414123457790138,1.3384007393091832
0.09789791275893722,0.19591698426165038,1.7969054768107764,1.2887567679076004
0.05857652220464149,0.20996808010674206,1.7443707041031522,1.3387807529771965
0.12241062258534874,0.15647438770075417,1.8008486813998772,1.2888801713270275
0.051229995514921134,0.20013257780836424,1.7364036158654734,1.3389094484055346
0.09003058932859043,0.1329971330419446,1.7959868461534092,1.2881675148930278
0.11781555323469228,0.15325168188469607,1.7256182881716406,1.3381661961617417
0.08084381593253598,0.17162104221953278,1.7592623269438765,1.2874385012106515
0.10600399141976569,0.123434305347083,1.7159228633236077,1.337405798051916
0.05514678603486045,0.14985362506161803,1.7521721763485103,1.2888440589849242
0.0906740449166854,0.0936159820430249,1.7148352741836748,1.3388717876862022
0.09613350959371281,0.12093836704399008,1.728938678263721,1.2915160875134406
0.10581197908927842,0.1220867517775368,1.6617070014382422,1.3414470262582192
0.08316168292820425,0.12789601483599844,1.6908703525429223,1.2906989982660222
0.09430376237963434,0.09813603000791704,1.6350685075387283,1.3408059862759432
0.09780741636791812,0.11238220527137432,1.6672276736001166,1.2905310696269399
0.06444223348352396,0.11050717288747958,1.610026179948663,1.3406309051832666
0.089361621939958,0.07534087567965853,1.6580886526205476,1.2902498707997383
0.1180891493300753,0.0988439573557014,1.5874976894868813,1.340337719287755
0.08242807682400932,0.12613340078435709,1.6160574536310817,1.289443695570064
0.07392488955179122,0.08152352384636008,1.574721075208572,1.3394971071280524
0.11042864309805078,0.07853480081211761,1.6084840298711969,1.2912534695492952
0.10635780602558631,0.11063462370667443,1.5446516872724336,1.3413840415035931
0.07497378891178386,0.10595494279899142,1.5875296829391146,1.2905936752065088
0.10183499152199693,0.07803554024973014,1.5470019024650514,1.3406961778047566
0.07808822470481624,0.10238330217469138,1.5820361670648753,1.2925776683678878
0.07871310189883851,0.08146289943602736,1.5484345035646578,1.3427643649079761
0.06996982536024432,0.08012166145149346,1.5823751100002124,1.2962273122417765
0.09518146642639325,0.0711968322927572,1.538794274955014,1.3451719279284795
0.09904622712585276,0.09622392607367236,1.5571290570211658,1.297248193214946
0.07146306340052377,0.09992885188429312,1.500418957854858,1.347353972189635
0.09574279724536705,0.07223021899627668,1.5458842062153808,1.2969766565903162
0.08099479826674938,0.09639263993782832,1.486351731222959,1.3473478168867987
0.09278671482785317,0.0815536975248341,1.5313189646881233,1.2965844700344356
0.07949021230141007,0.09326111362400069,1.4807033028978291,1.3469393067437578
0.08175282392173577,0.07989820452538177,1.5307248866364125,1.2969831325289887
0.05619902576657143,0.08210253117252031,1.4897320719547347,1.347354562168614
0.08241633388424474,0.056506354455131635,1.5321861363377054,1.2989221995494504
0.11087039851330305,0.08267972504908627,1.4699819709168618,1.3493634698837114
0.049374574615654865,0.1110899962732157,1.494501451361534,1.2983922643076085
0.1029351154441005,0.049569270948219835,1.4523703992294092,1.3488221490841608
0.08172477707690406,0.10309856303761977,1.4638461716540152,1.3001153004628274
0.09150193771915616,0.07564954654321521,1.415042373146758,1.3506162524055676
0.09015385786819885,0.09272085523508888,1.4394910451147496,1.3007666923249355
0.07249291970071159,0.08783668763262908,1.386432664041211,1.3512943947691949
0.09516619364304502,0.0705222088284847,1.4232097999179385,1.300930702195434
0.08116331861742321,0.09344576242805935,1.3600448464633694,1.3514651299798426
0.07121644071055067,0.07970693461881084,1.3944437837892472,1.3005599602939606
0.08598793728612097,0.06996672040332341,1.3360312406594739,1.351079179820375
0.07807772870516794,0.08489863633835859,1.353030578742867,1.300319950694726
0.09811519833678961,0.0771465337509003,1.2834302472249357,1.3508293137900589
0.09907563420752985,0.09730789209437818,1.2926018536118233,1.3004552016603137
0.05750529322546871,0.0983924406297505,1.230898795048561,1.35097012014359
0.09452659798988461,0.05693416827526132,1.2667983603919084,1.3007186577864904
0.07109867378526791,0.09402029094637876,1.196353844743157,1.3512443897803394
0.09002917683729872,0.07067152494381568,1.2181160924547756,1.3006967375945298
0.10091093339530532,0.08965696561698988,1.1461477486450589,1.351221570273673
0.06399860454534712,0.10059301860143499,1.1622739843287437,1.3003565983882206
0.08172237051503584,0.06373312189241154,1.11333108796379,1.3508674670457257
0.11383709321209312,0.08148972901118268,1.1253477666909464,1.3009915961964236
0.0552412862213405,0.11363589408442532,1.0601458598790408,1.3515285199599996
0.07790545163693441,0.05507623199611311,1.1040657404353387,1.3003242639514343
0.10198978495564792,0.07775950707498613,1.04065741680866,1.3508338042546133
0.08942650637507943,0.10186337189411887,1.0534615274502328,1.2997528987169398
0.0723733827581845,0.08932047276907573,1.0045979945432424,1.3502389404714106
0.08221559995320948,0.07228356942239378,1.0394922145716663,1.3003936926237336
0.094544141944503,0.0821377799306866,0.9927076158622299,1.350906084983746
0.07653155941888512,0.09447729377834291,1.0187241148614277,1.3013299425691782
0.07909645959789913,0.07625437909041133,0.9864207402696354,1.3518807247163211
0.07634563368721459,0.07922566959988697,1.0115711843377078,1.3054158721335885
0.08776448960457883,0.07626544622797726,0.9799520025917416,1.3538249411571015
0.0495912262618361,0.08769509457272262,0.9982444004105298,1.3090582187502133
0.08111240211392468,0.04953310931379207,0.9690005511260666,1.3556829448727066
0.12109783165984522,0.08106026912648479,0.9600942497320051,1.3129270078840967
0.07392200371289048,0.12105226663013946,0.8997564089874446,1.3581159962284701
0.09218726124517884,0.06614413516986173,0.9411286290504299,1.3107593154016768
0.06874188190972874,0.08768988656802579,0.8909876813621715,1.359703666741126
0.09171688516290155,0.0637300107166816,0.9188042493334345,1.3107377037297807
0.08275360825611955,0.08733780736338859,0.858062812748664,1.361020769922939
0.11721968047900844,0.07901603060566376,0.8735102396453844,1.3102595138535889
0.07923011024578308,0.11399973518748774,0.8118562850374489,1.3611700032786782
0.07835261593139298,0.06812960722693928,0.8521733268834102,1.3102482191427889
0.09575101162942357,0.0719331099202063,0.8072052790795772,1.3611582607914268
0.08442124207431934,0.08848687713224379,0.8188296891823235,1.3114089183289788
0.09615801213696207,0.07822726717867634,0.7702377426748874,1.3622714181374485
0.06975116428689598,0.09082039442136014,0.7835839791502772,1.3117145389938858
0.11447729490980407,0.06521493052174332,0.736526963996115,1.3626825633103183
0.09559868460490328,0.11051341939137038,0.7393608540395555,1.3121136780668015
0.11363225980569758,0.0768951264749953,0.7017464251595216,1.3630974336282513
0.08474601135288173,0.11177061297084978,0.712109278618319,1.3148974263573088
0.08181911188975466,0.0752729417610416,0.6907057923596118,1.3643656422991164
0.10348171262884365,0.07796964766358783,0.6958929583331921,1.3231055134460168
0.06583536210654395,0.09783630328534931,0.6632587915345123,1.367431659403092
0.1057533861901605,0.061081689326542454,0.6817136116050331,1.3251772398
0.1067548949150372,0.10154416856661053,0.6275527845125641,1.3702031390518807
0.05533544621551112,0.10319791897737995,0.6459798477433707,1.3234433240795398
0.09244218816244198,0.05237013335948615,0.6172348269979875,1.3713049775660688
0.11514145116654229,0.08980073183726467,0.6083200222376324,1.3277885970170655
0.0837218738691985,0.11287737297631972,0.5621034775613383,1.3736664211459089
0.0718652315556576,0.07124799989583819,0.5955602173891523,1.3273354495654823
0.12202327983105521,0.0662188517524327,0.5569114622313667,1.3748175324497285
0.0742372916822811,0.11432479578935406,0.5544125096070927,1.3287943312898864
0.09399992846996863,0.06784527708252797,0.5416443497758123,1.3704327820391105
0.0912884216487746,0.08842607609561681,0.5102175869971468,1.337194644298322
0.081945889785904,0.08653214346828575,0.518646976602162,1.3643542461028697
0.08648208720961303,0.07788466109181935,0.4867425767304887,1.3377245589637035
0.10184959290073148,0.08298205176916396,0.4932897789377173,1.3572418916547253
0.08102980349696076,0.09884535875576983,0.4563548727469853,1.3359006265022595
0.06022533934284846,0.07528999689893068,0.48159616878425116,1.345288179729914
0.09288606727543347,0.05844010596424454,0.4508068995367698,1.3301421838870353
0.08644926194590186,0.08963231476975664,0.4393633466995923,1.323408805885979
0.10600804898991667,0.08367533591508103,0.41699084549154875,1.3102163362097254
0.09312003131460811,0.10362336013566864,0.4108573964620803,1.2927599639347198
0.05658329672891682,0.09111815635704623,0.41392381765731634,1.2871130914513649
0.0789016955593469,0.054889737601957034,0.38347407402741274,1.278896257766168
0.11631810441326218,0.07740654631431387,0.3760992900408715,1.2684697052475689
0.05631594699645048,0.11502297778351966,0.3481960463865976,1.2580431527290865
0.1075253260837441,0.05524700498334423,0.373206878456837,1.2381795271637093
0.06766509092252382,0.10657891887571114,0.31208512355052576,1.2560935147963979
0.10278109103182387,0.06687607555911357,0.3361463472024824,1.2285216470725229
0.07023482241032619,0.10209201468588902,0.29025283168748506,1.2592292826880338
0.07995960860288176,0.0696577955366604,0.31754223855424546,1.2233649959116186
0.09362544668781614,0.079458863671509,0.2807684548214391,1.2623696266743991
0.07228085237383186,0.0931945929360436,0.2889151471134539,1.2231428970847862
0.09059188879885882,0.07191663450182184,0.26466519095442154,1.2647279573716212
0.05569034586086996,0.09027620746194476,0.26542161504292006,1.2278672616356339
0.1015189251312536,0.05542321657224014,0.24647635571565463,1.267729660677288
0.09196297914192675,0.10128271500126962,0.22326355066850656,1.2352337105834592
0.06365962730430774,0.0917643971561839,0.22853077248109366,1.2589754927276733
0.0673193381669579,0.06349173176200074,0.20751083886751376,1.2340104061282284
0.11470999824092165,0.06717287328727273,0.1984238509337619,1.2549092206351284
0.051212245279023794,0.11458186520242597,0.16175929103981002,1.2323625911182443
0.09671005910537844,0.05110656852062401,0.19627873940504492,1.2346476299304916
0.10228198888450746,0.09661622614039889,0.13520769057688709,1.2186740776025715
0.08142678957583405,0.10220259035715751,0.16211674335840387,1.2023514700270068
0.08578931093213016,0.0740782022870119,0.1576418237288828,1.2004957726594374
0.0745476426688918,0.0867763463390201,0.13126022273548288,1.1904582962662116
0.10122161504073657,0.07158297123698643,0.14044023717322962,1.1815055230923086
0.06073795785191982,0.09863848812097964,0.11149956770693992,1.1801352922436266
0.09191845769001072,0.05857094614466263,0.13309684205719807,1.165893738537152
0.08190209305082408,0.09000545150542183,0.08796693492413299,1.164963057653774
0.08721266721425946,0.08027469729497838,0.115662648293688,1.1394506765754828
0.09141891670436153,0.08581207354267284,0.10220287706471542,1.1458439322229546
0.08067915859521801,0.09022033242012628,0.10465704268163112,1.1030627463718905
0.07640266565818465,0.07966091703042388,0.10632981950150211,1.1224296828369305
0.09450748739374282,0.07552814608099045,0.09341022437633573,1.0776228570273303
0.0800723268718857,0.09375031355706986,0.0873609397481434,1.1011734367105186
0.06166063611412698,0.07943184023433325,0.10392701143206229,1.0456451057874108
0.11801269249261082,0.061111987335958684,0.0880912110486658,1.0759336158503143
0.05916499551096832,0.11752769924145534,0.0685846232435634,1.0254565098678436
0.08839257001554457,0.05876688047311407,0.12399180199670412,1.0299713752832877
0.09706581509006118,0.0880418227404407,0.06419669890438673,0.9926240279964447
0.07380670114296062,0.09676630643213313,0.0927723744882607,0.9997235644123339
0.0819262346761287,0.07355464478177676,0.10079280143906844,0.9502224827198942
0.060775817414532085,0.0817082438855834,0.0769743235206124,0.9825989696018822
0.09752679527912211,0.06058965098465863,0.08492569632460056,0.9352515155712098
0.08392134669756723,0.09736276452061587,0.06321960813126215,0.9588403165189516
0.08001476568839805,0.08378301060797733,0.09964743435304291,0.8917687425979794
0.09902196728764334,0.07989645821215996,0.08572011359261356,0.9113176315415499
0.06543172058782964,0.09892001114759474,0.08155570319079941,0.8571467209087782
0.08813179508320523,0.0653462576819861,0.10033951179803391,0.8745524262588973
0.06740836438698672,0.08805709763150227,0.06655175562529192,0.8355981575785076
0.1169640109163732,0.06734494147355474,0.08910155998022407,0.8459913430592558
0.05733719926420067,0.1169083924997063,0.06823892592803715,0.8026545493494872
0.07473026583018849,0.05729156623520715,0.11767748303551762,0.8068192828278742
0.07395947392647306,0.0746901210177453,0.057937334115554684,0.7812604718436087
0.0902416581573593,0.07392481817272256,0.07525442284268413,0.7814155884181806
0.09105490897822754,0.09021161250046084,0.07441211504107037,0.7352290889290867
0.06472377907053173,0.09102933085790532,0.09063143757790115,0.7364605658763181
0.0956048529727842,0.06470213519159418,0.09138662342126991,0.6783317566339753
0.08621942961972451,0.0955858755737704,0.06500757177760152,0.6949907496438257
0.09221037249060804,0.08620338515134973,0.09585050295895936,0.6279815150712307
0.0791681659647856,0.09219665853985326,0.08642793122687875,0.6394031937246412
0.0932342523172689,0.07915655505774355,0.09238814499681136,0.5881808657879097
0.06944862901733795,0.09322425541935964,0.07931949860281295,0.6106741184125273
0.06529486994724021,0.06944019477683505,0.09336378717240756,0.5689975644797056
0.08878189048607221,0.06528756535167468,0.06955900514334878,0.5970345093589242
0.08069349376647161,0.08877550162555115,0.06539062858902045,0.5585757032340639
0.1084138013387963,0.08068805837259219,0.08886482897190073,0.5576394657956187
0.07421777525246731,0.10840911342186588,0.0807642931582786,0.5243543561910802
0.08557070284594337,0.06865573533039004,0.10847416233268525,0.529499651827305
0.06677807491486121,0.08355581370075726,0.06737830702972913,0.5009287751636073
0.11365772018129139,0.0635932713902212,0.08303466984680585,0.509149767909046
0.05192675948286385,0.11086842970294408,0.06284260698383215,0.47949634649472506
0.11997703611096222,0.04960823370404466,0.1102108215735802,0.4714729654579748
0.0711455206682634,0.11791644085776842,0.04906175296129667,0.4749480401543211
0.08640312870021649,0.06639676611017142,0.11743058823978991,0.42185530296508644
0.10180238534625241,0.08294100924996006,0.06567871598678754,0.45322382660582883
0.07223594798094424,0.09848585749416361,0.08236346235299363,0.41157611410239037
0.05994830372574467,0.06944201417636076,0.09796608418903974,0.4243656818047692
0.08517865274153968,0.05752728637393778,0.06900422010434037,0.4022298440706349
0.08897276744814087,0.08305039396262792,0.057147951094824956,0.40434908488019183
0.11531309313489513,0.0871474561513994,0.08271686660430122,0.3564174093351862
0.04901912830348043,0.11375272562357175,0.08686139297710027,0.35139601237936335
0.11200628353164777,0.04772459042974586,0.11350813708942287,0.33026070403092733
0.06894278220634731,0.1108562537056954,0.04752176035961808,0.3537678576472931
0.06736802123933638,0.06748158831048556,0.11067598617330865,0.28777931417205993
0.08798221945548557,0.06621308106730872,0.0672767361766129,0.31054349248174895
0.12325061485710198,0.08691523635192566,0.06604300426006593,0.26560161548611116
0.056066323389178496,0.12233810602083262,0.08676281272742448,0.25806958951240944
0.08529048492569058,0.0553471310713205,0.12219163041139325,0.23486459052653919
0.10076685880049019,0.08464093334658807,0.05523460545987868,0.2666995522851403
0.047435870144413306,0.10021120996290733,0.08453768996642874,0.21399760482759422
0.11905347581068715,0.04696910654108066,0.10012288886709664,0.22343177772227785
0.06810902129938023,0.11863848187452475,0.04689492160578412,0.20402286144584103
0.09511766104435715,0.06553930673330033,0.11857251519567114,0.17877492738580658
0.07556616569136554,0.09341598440389975,0.06523342381387964,0.21030316064289578
0.07138899967323553,0.07384913988135677,0.09322618130323579,0.16897441849253303
0.10594516844442259,0.06990727821203468,0.0736490218885586,0.19237948256663095
0.06717175110025986,0.10465941638007314,0.06973458839042412,0.16250081746849343
0.09386835611444178,0.06609507240359846,0.10450952805062053,0.16253144163233024
0.0455442536724735,0.09293154337316589,0.06596959088073273,0.1709680650175418
0.10508169117463195,0.044751421654086077,0.09282234111916843,0.14097158954786893
0.09930634454585596,0.10437583487048863,0.04465903436457097,0.15762848285599174
0.08095416212829853,0.09871382092694714,0.10429354741425634,0.1046802330730714
0.05717959445381671,0.07602173709657567,0.09864474814567603,0.15180663210266632
0.11069564268208865,0.058901673739048865,0.07307748572268014,0.13864353926889628
0.056061164821380016,0.10903501908181101,0.05925172200972795,0.11103785720520953
0.11139568806045164,0.05469093692519866,0.10780757361877313,0.09527269786023274
0.09894758958900485,0.11016940422230381,0.05367279426490934,0.13595571877484924
0.0750383022169323,0.09792569421708541,0.10926294370009426,0.07753097138884302
0.07714164825738878,0.07331467620014154,0.09716938775943373,0.130072278765619
0.05836139425256803,0.07628876463385303,0.07237464340868272,0.11462489025637357
0.09475043423336493,0.057297925316295295,0.07562346403684939,0.12053559588211327
0.0975486066587623,0.0938087538018002,0.05664932371137277,0.09949645643662075
0.0850623612032062,0.09674870429891391,0.0932356754085586,0.07732227566741146
0.06056424413426109,0.08438754878662347,0.09626197408379711,0.11128058185319611
0.11226860550993312,0.05999002100968487,0.0839766143737255,0.11158075488786623
0.08188851867317348,0.1117602661248922,0.059639815045851474,0.09697173305094364
0.07615201588926723,0.07066352928425323,0.11145120042068712,0.07522694339410863
0.1042400958742915,0.07219520101847876,0.06765415055982671,0.1226541299890247
0.08456802331223412,0.09775325487554665,0.07067921164253232,0.0765591194487465
0.11468196163567379,0.07852913875534173,0.09586023266499177,0.07868588748157923
0.07348970969054269,0.1094683644150134,0.07692840926555511,0.10262617543258479
0.09953394341398503,0.06836149919806278,0.10808675759189001,0.08268084271877374
0.0598432911263751,0.09507310636076327,0.06720937587905063,0.11301037366167588
0.10170271520401508,0.056075728365349686,0.09407089044249584,0.07136227446831178
0.08365279202387943,0.09838234433710147,0.05522920817488153,0.0976574057234616
0.07715606298703781,0.07780875342619775,0.0976363009323431,0.05829132927660785
0.10515943798394112,0.07608153537067874,0.07528276905770315,0.10030404300324625
0.09217426990226985,0.102149041991074,0.07617458751742312,0.0764596009602807
0.06623174692753664,0.08964391975225383,0.10103855171132348,0.07871694606302881
0.08284208015837669,0.06408586144377115,0.08871083779894762,0.10242280272439874
0.08498660082740717,0.08096609633230689,0.06329521248078462,0.08988136386989742
0.07141311313985499,0.08337531308080992,0.08027444197743594,0.06429997160880441
0.10121824170043281,0.07003537173041963,0.0827811684880968,0.08114594265496766
0.08256858808020673,0.10001777896718078,0.069527562424887,0.08352889884465675
0.09183088405310169,0.0774791764185796,0.09957482664121153,0.07017096971899628
0.06174994560219593,0.09293209435795591,0.07449861239198352,0.10012760571597767
0.0881750068027467,0.059855285932513214,0.09305801547490278,0.07368819098007773
0.1196681953725427,0.08650069790429105,0.058571824872833744,0.0935753415181968
0.051747580320697484,0.11822378257062294,0.08536850584781819,0.05838658917463757
0.0816618073908717,0.05056935570660448,0.11724908761540132,0.08520116969035785
0.10409309771762687,0.08061156422473048,0.04977048623111635,0.11710104383657782
0.08464893836981768,0.10318460072476587,0.07990092360871093,0.0496560859333548
0.0803529752739165,0.07764255796764363,0.10257079446473472,0.07979637811221729
0.08399847632284274,0.08167597853897424,0.07361183924471337,0.10247870397781855
0.09286672609148305,0.08128536999542213,0.08105908008810303,0.07217036032917923
0.11460188473163901,0.09052495062901667,0.07925770644559349,0.08077791860761407
0.07972505606218583,0.11259320863465727,0.0887763284014802,0.07851226816595802
0.10047356380810069,0.07088254326810461,0.11109669180041748,0.08813320808475478
0.09280751402102605,0.09601140358422589,0.06812529890906749,0.1105458011580367
0.08657438387189598,0.08735748965221313,0.09409149171824227,0.06744333795511692
0.07274658674806278,0.08192396851728367,0.08548394527484504,0.09352839427761683
0.08534404000737439,0.06876250409064588,0.08032504209752722,0.08499113983155904
0.10840510256343716,0.08187757891769176,0.06739234596997612,0.07990454093697252
0.0815800767752135,0.10542309549428808,0.08068555271554856,0.0670321788603565
0.08356692268425503,0.07204718628986595,0.10439789696833923,0.0803720433786963
0.10470294137923974,0.07981727759573864,0.06904743138434566,0.10412801344381717
0.0829654579566994,0.09910819233260182,0.07830220409862831,0.0683054462206154
0.06830150214361352,0.07538399899173154,0.09723615870906577,0.07790119694084541
0.10799354302664832,0.06387228030873637,0.07279176630657447,0.09676417100874657
0.08417680009383077,0.10298952634863778,0.06232657291451815,0.0720608953606725
0.11130940018616808,0.07492897884064242,0.10126942568239672,0.061936910088141284
0.0805076243288434,0.10556789186747118,0.07170141019004284,0.10080047395698433
0.07639524163155054,0.07311319258677829,0.10334597362716824,0.07078152901878476
0.09439918333171349,0.07157616138588052,0.06996225533555944,0.10270663617577491
0.09211641889939193,0.0890641303622921,0.0695534175107475,0.06894180649758441
0.09745986518033734,0.08756298016114239,0.08684636389590095,0.06893487964716694
0.08046051419859634,0.09356734312154513,0.0856698244130909,0.08614327665905908
0.0585016793831139,0.07716350754422785,0.09194907636237781,0.08506962424165931
0.10424066573521396,0.055667913765071964,0.0757920750453216,0.09143600928715778
0.08872074984691114,0.10173119814782283,0.054488388213190575,0.07535725445950092
0.10839888549331311,0.08176934725753449,0.10068793239163498,0.05411440542542323
0.08908979433435005,0.11118115592345834,0.07675152563267229,0.1003571453109926
0.0792373867217826,0.07896157981277518,0.11191706471983731,0.07408936362689644
0.08783107179357952,0.08267938445447265,0.07118180204666946,0.11192166236834944
0.09815950722849731,0.08440651505991692,0.08023630138524585,0.06796679695499908
0.08620653177985882,0.09520792916071352,0.08004852152608954,0.07871148286584018
0.0804299742271366,0.08370698917402719,0.09146198076303436,0.07807417379238557
0.08539394875691309,0.07828661363987632,0.08052380669931147,0.0864972534625279
0.07756223602085477,0.08353872235825532,0.07555235293549178,0.07908140184021395
0.09996900597756064,0.07597326731872855,0.08117508025354336,0.07431310277204317
0.11221539594870711,0.09858097180784142,0.07394427392878589,0.08010389284011743
0.05433132145578079,0.11103453593568746,0.09681940378265086,0.07302451326155857
0.09802712196108487,0.0534946623677075,0.10947781350981267,0.09602131568345951
0.08680265318096203,0.09720636586695086,0.05254920726373946,0.10862883383649047
0.08427041936388857,0.08611167481315674,0.09618253484218764,0.05196910079335493
0.052606778433846646,0.08368077521685646,0.08524701972937798,0.09560180290203313
0.08820914412427916,0.05210919856722063,0.08294237900877954,0.08475623148755784
0.0957939177838214,0.08776242525223465,0.051480528872055675,0.08252318587953344
0.0760699602800694,0.09541103024510833,0.08720358925668847,0.05112293334861295
0.09773868249879825,0.07574834270338138,0.09493303444924006,0.08688640275438098
0.08375053127321541,0.09745834799138975,0.07534463010681614,0.09466185362004853
0.075946915395948,0.08351506446048451,0.09710855247711758,0.07511531572523489
0.08164096634666551,0.075746080118551,0.08322011312807831,0.09691012364927287
0.09240106282962768,0.08146731879598668,0.07549396002716735,0.08305265269587636
0.06729219105628315,0.09225138017680345,0.08124967138032169,0.07535074858314239
0.11057286760412954,0.0671665710573397,0.09206432557773114,0.08112608371390295
0.04381053494721687,0.11046150537852206,0.06700848710548435,0.09195817853013599
0.10240782674325555,0.043720403038945754,0.11032302808016992,0.06691864245909085
0.06342700370930388,0.10232549935942625,0.04360622349245413,0.11024453281588231
0.10004181389905509,0.0633589461648596,0.10222289672811158,0.0435412375152906
0.09318587410623813,0.09998140419973156,0.06327320582614582,0.10216470792949628
0.059451404549944575,0.0931350993085005,0.09990606758736931,0.06322446465269094
0.10915920878269803,0.059409012121921956,0.09307165866764033,0.09986333584964413
0.06199162453064222,0.10912123854890554,0.059355545044500246,0.09303565945924541
0.07805719990306392,0.061960575107551596,0.10907400360683162,0.05932514287903912
0.08036671354045866,0.07802988407974953,0.06192144206801542,0.10904722610253792
0.09554693071690612,0.08034317935565793,0.07799561080433604,0.06189919386467935
0.08918904536560324,0.09552657867290115,0.08031366981423038,0.07797614458516433
0.06674616887288365,0.08917187160836093,0.0955011660087739,0.08029691160227603
0.08979701438122945,0.06673170565005981,0.08915038989560498,0.09548674766218479
0.06356465040473225,0.08978430824738637,0.0667135011413762,0.08913819714272386
0.0997606059941405,0.06355396864640639,0.08976841748040854,0.06670315436007357
0.06035046981047398,0.09975113114314027,0.06354051176370046,0.0897593984053402
0.08931869959882999,0.060342622146070335,0.09973931396736169,0.06353286186940932
0.10827115216851113,0.08931173724609232,0.06033272671844725,0.09973261097228359
0.06061603624287826,0.10826516973233113,0.08930302869819906,0.060327100312575155
0.0768763650713633,0.06061114072242568,0.10825772569292313,0.08929808586582699
0.10462090976611527,0.07687205103864692,0.06060496822256489,0.10825350541789014
0.08784873174883834,0.10461714503746178,0.07686663637844093,0.06060145867833788
0.09872951802359009,0.07843511753543209,0.10461245584833301,0.07686356077781853
0.05906892167586664,0.1035215557746012,0.07232345617547753,0.10460979680318494
0.11589992949480754,0.056483022203866584,0.10285139398646903,0.07014592922484009
0.06848277748298415,0.11357484256811534,0.053551583845936834,0.10228217831948583
0.08028468144501999,0.06657197847095198,0.11097270730745001,0.05239887314611935
0.10506107235775941,0.07861112713659524,0.06441019580669805,0.10995113195766093
0.1020340373787687,0.10360535022574746,0.07672274718644023,0.06356031035567034
0.0629373212509925,0.10029199210799677,0.10197187990827761,0.07598058403843311
0.08645452283290433,0.06218567670391306,0.09857081256406763,0.10133034458053958
0.09213554686118886,0.08541911060832685,0.060989578587775206,0.09790742287398801
0.07779046391683608,0.09124821150212514,0.08423873429682915,0.06050288925293734
0.06926705450185922,0.07703981874373955,0.09023793545174952,0.08377488393155352
0.07386471627117275,0.0686222980115394,0.07618230550364968,0.08984098856250156
0.09890903118556182,0.07330358032586703,0.06788427058716828,0.07584523705875701
0.10178337762212508,0.09841914914872452,0.07266194450425845,0.0675940949963505
0.04798948870923403,0.10136909897473267,0.09786221293121056,0.07240969943805098
0.08422778354082561,0.04764721980842279,0.10089841746180372,0.09764342211365684
0.11718000993077937,0.083920563866144,0.04725345595496666,0.10071352554970936
0.060601692261038176,0.1169138369987408,0.08357009381728564,0.04709853720214707
0.10563099756465655,0.06038507038314678,0.11661247868968694,0.08343235214298783
0.06541944832316648,0.10543856406679053,0.060136586006412474,0.11649415056563006
0.09085089689619696,0.06526038606171336,0.10522011328839764,0.060038859228034314
0.0787425499723784,0.0907112570385693,0.06507813041704447,0.10513430974837923
0.08199659971907569,0.07862441006374299,0.09055219621719601,0.06500646044121594
0.08208881132905343,0.08189499132164224,0.07848946135397616,0.09048969312359101
0.08360819640640815,0.08200178569097538,0.081779013261011,0.07843641451917516
0.07265919335464766,0.08353363949241754,0.08190245450795985,0.0817334277871371
0.09061837410324913,0.07259569022200707,0.08344856981407389,0.08186341218302706
0.05812956165171079,0.09056316712211077,0.07252304850669433,0.08341513442937121
0.091635854232891,0.058083186672134524,0.09050027744676847,0.07249448869666875
0.06703226397959905,0.09159472833778803,0.058029957667408594,0.09047556453441996
0.0941712053639927,0.066997623180999,0.09154789014000686,0.05800902132491115
0.08237851765234527,0.09414079575423884,0.0669579451052309,0.09152948527698346
0.07965544563340021,0.08235284572253398,0.09410618245868174,0.06694234269716026
0.07854305037357157,0.07963347134683474,0.08232354530769892,0.0940925822961014
0.10420991592252449,0.0785241804766652,0.07960837535432264,0.08231202875068866
0.07231349288964117,0.10419354444267781,0.07850262431484678,0.07959851057135037
0.08191636761871068,0.06965990413483136,0.10417495272775357,0.07849415070100241
0.08917102243590613,0.08119070843464393,0.06889634250451482,0.104167649820335
0.0911413570352424,0.08772802612434472,0.08093973173335045,0.06869491755354407
0.051529218389501086,0.08991121226010335,0.08729869902245624,0.08086997937939544
0.09896494722971094,0.05048672325564807,0.08954521309932595,0.08718425658519924
0.07979236133860579,0.0980400184009047,0.0501764420555082,0.08944765154406564
0.10402633538285966,0.07725224410262443,0.09776483996427077,0.05009372390780409
0.060568554947801445,0.10427901386107807,0.07586537737063015,0.0976914887786462
0.0794840511183319,0.05953328400983038,0.10456253790795356,0.07510457646024249
0.08729673637472501,0.07857322258773825,0.05901553333617526,0.10475245086765805
0.11486466452355404,0.08651110341368229,0.07811757672626185,0.05874268043975106
0.04197325091348825,0.11418957737721502,0.08611803182840805,0.07787742682669307
0.09592990185262429,0.041420063041774036,0.11385168320216565,0.08591085012809407
0.09236217774306521,0.0954310775363143,0.0411434324328126,0.1136735589879625
0.08667202599417578,0.0919398254154189,0.09518145298273883,0.04099764961561414
0.08762880572162857,0.08631370260754134,0.09172847400267115,0.09504986833811313
0.07931355008641638,0.08732294495963178,0.08613440173981424,0.0916170646540031
0.07123490192236015,0.07905331757959222,0.08716989135021724,0.08603988857154432
0.09859545061949793,0.07101175996849829,0.07892310857063589,0.08708921258223778
0.07079694396722824,0.09840117329030984,0.07090011981772859,0.07885447389346001
0.08951962681351677,0.07063401441039985,0.09830393921786662,0.07084127480623859
