timestep_time,vehicle_angle,vehicle_id,vehicle_lane,vehicle_pos,vehicle_slope,vehicle_speed,vehicle_type,vehicle_x,vehicle_y
0.00,90.00,0,e0_0,5.10,0.00,0.00,Car01,5.10,-1.60
1.00,90.00,0,e0_0,6.85,0.00,1.75,Car01,6.85,-1.60
2.00,90.00,0,e0_0,10.51,0.00,3.66,Car01,10.51,-1.60
3.00,90.00,0,e0_0,16.25,0.00,5.75,Car01,16.25,-1.60
3.00,90.00,1,e0_0,5.10,0.00,0.00,Car,5.10,-1.60
4.00,90.00,0,e0_0,23.58,0.00,7.33,Car01,23.58,-1.60
4.00,90.00,1,e0_0,7.70,0.00,2.60,Car,7.70,-1.60
5.00,90.00,0,e0_0,32.51,0.00,8.92,Car01,32.51,-1.60
5.00,90.00,1,e0_0,12.90,0.00,5.20,Car,12.90,-1.60
5.00,90.00,2,e0_0,5.10,0.00,0.00,Car,5.10,-1.60
6.00,90.00,0,e0_0,43.52,0.00,11.01,Car01,43.52,-1.60
6.00,90.00,1,e0_0,20.70,0.00,7.80,Car,20.70,-1.60
6.00,90.00,2,e0_0,6.40,0.00,1.30,Car,6.40,-1.60
7.00,90.00,0,e0_0,56.27,0.00,12.75,Car01,56.27,-1.60
7.00,90.00,1,e0_0,31.10,0.00,10.40,Car,31.10,-1.60
7.00,90.00,2,e0_0,10.30,0.00,3.90,Car,10.30,-1.60
8.00,90.00,0,e0_0,71.10,0.00,14.84,Car01,71.10,-1.60
8.00,90.00,1,e0_0,44.10,0.00,13.00,Car,44.10,-1.60
8.00,90.00,2,e0_0,16.80,0.00,6.50,Car,16.80,-1.60
8.00,90.00,3,e0_0,5.10,0.00,0.00,Car,5.10,-1.60
9.00,90.00,0,e0_0,88.11,0.00,17.00,Car01,88.11,-1.60
9.00,90.00,1,e0_0,59.70,0.00,15.60,Car,59.70,-1.60
9.00,90.00,2,e0_0,25.90,0.00,9.10,Car,25.90,-1.60
9.00,90.00,3,e0_0,7.70,0.00,2.60,Car,7.70,-1.60
10.00,90.00,0,e0_0,107.07,0.00,18.97,Car01,107.07,-1.60
10.00,90.00,1,e0_0,76.63,0.00,16.93,Car,76.63,-1.60
10.00,90.00,2,e0_0,37.59,0.00,11.70,Car,37.59,-1.60
10.00,90.00,3,e0_0,12.90,0.00,5.20,Car,12.90,-1.60
10.00,90.00,4,e0_0,5.10,0.00,0.00,Car,5.10,-1.60
11.00,90.00,0,e0_0,127.96,0.00,20.89,Car01,127.96,-1.60
11.00,90.00,1,e0_0,95.43,0.00,18.80,Car,95.43,-1.60
11.00,90.00,2,e0_0,51.89,0.00,14.30,Car,51.89,-1.60
11.00,90.00,3,e0_0,20.70,0.00,7.80,Car,20.70,-1.60
11.00,90.00,4,e0_0,6.40,0.00,1.30,Car,6.40,-1.60
12.00,90.00,0,e0_0,150.84,0.00,22.87,Car01,150.84,-1.60
12.00,90.00,1,e0_0,116.16,0.00,20.72,Car,116.16,-1.60
12.00,90.00,2,e0_0,68.79,0.00,16.90,Car,68.79,-1.60
12.00,90.00,3,e0_0,31.10,0.00,10.40,Car,31.10,-1.60
12.00,90.00,4,e0_0,10.30,0.00,3.90,Car,10.30,-1.60
13.00,90.00,0,e0_0,175.12,0.00,24.28,Car01,175.12,-1.60
13.00,90.00,1,e0_0,138.86,0.00,22.70,Car,138.86,-1.60
13.00,90.00,2,e0_0,88.29,0.00,19.50,Car,88.29,-1.60
13.00,90.00,3,e0_0,44.10,0.00,13.00,Car,44.10,-1.60
13.00,90.00,4,e0_0,16.80,0.00,6.50,Car,16.80,-1.60
14.00,90.00,0,e0_0,200.73,0.00,25.61,Car01,200.73,-1.60
14.00,90.00,1,e0_0,163.07,0.00,24.21,Car,163.07,-1.60
14.00,90.00,2,e0_0,110.39,0.00,22.10,Car,110.39,-1.60
14.00,90.00,3,e0_0,59.70,0.00,15.60,Car,59.70,-1.60
14.00,90.00,4,e0_0,25.90,0.00,9.10,Car,25.90,-1.60
15.00,90.00,0,e0_0,228.21,0.00,27.48,Car01,228.21,-1.60
15.00,90.00,1,e0_0,188.63,0.00,25.57,Car,188.63,-1.60
15.00,90.00,2,e0_0,135.09,0.00,24.70,Car,135.09,-1.60
15.00,90.00,3,e0_0,77.90,0.00,18.20,Car,77.90,-1.60
15.00,90.00,4,e0_0,37.59,0.00,11.70,Car,37.59,-1.60
16.00,90.00,0,e0_0,257.01,0.00,28.81,Car01,257.01,-1.60
16.00,90.00,1,e0_0,215.99,0.00,27.36,Car,215.99,-1.60
16.00,90.00,2,e0_0,162.39,0.00,27.30,Car,162.39,-1.60
16.00,90.00,3,e0_0,98.70,0.00,20.80,Car,98.70,-1.60
16.00,90.00,4,e0_0,51.89,0.00,14.30,Car,51.89,-1.60
17.00,90.00,0,e0_0,287.72,0.00,30.71,Car01,287.72,-1.60
17.00,90.00,1,e0_0,244.75,0.00,28.76,Car,244.75,-1.60
17.00,90.00,2,e0_0,192.18,0.00,29.79,Car,192.18,-1.60
17.00,90.00,3,e0_0,122.10,0.00,23.40,Car,122.10,-1.60
17.00,90.00,4,e0_0,68.79,0.00,16.90,Car,68.79,-1.60
18.00,90.00,0,e0_0,320.56,0.00,32.83,Car01,320.56,-1.60
18.00,90.00,1,e0_0,275.34,0.00,30.59,Car,275.34,-1.60
18.00,90.00,2,e0_0,223.47,0.00,31.29,Car,223.47,-1.60
18.00,90.00,3,e0_0,148.10,0.00,26.00,Car,148.10,-1.60
18.00,90.00,4,e0_0,88.29,0.00,19.50,Car,88.29,-1.60
19.00,90.00,0,e0_0,353.17,0.00,32.61,Car01,353.17,-1.60
19.00,90.00,1,e0_0,306.80,0.00,31.46,Car,306.80,-1.60
19.00,90.00,2,e0_0,254.84,0.00,31.38,Car,254.84,-1.60
19.00,90.00,3,e0_0,176.70,0.00,28.60,Car,176.70,-1.60
19.00,90.00,4,e0_0,110.39,0.00,22.10,Car,110.39,-1.60
20.00,90.00,0,e0_0,386.57,0.00,33.41,Car01,386.57,-1.60
20.00,90.00,1,e0_0,338.26,0.00,31.46,Car,338.26,-1.60
20.00,90.00,2,e0_0,286.28,0.00,31.44,Car,286.28,-1.60
20.00,90.00,3,e0_0,207.27,0.00,30.57,Car,207.27,-1.60
20.00,90.00,4,e0_0,135.09,0.00,24.70,Car,135.09,-1.60
21.00,90.00,0,e0_0,419.56,0.00,32.99,Car01,419.56,-1.60
21.00,90.00,1,e0_0,369.72,0.00,31.46,Car,369.72,-1.60
21.00,90.00,2,e0_0,317.78,0.00,31.50,Car,317.78,-1.60
21.00,90.00,3,e0_0,239.03,0.00,31.75,Car,239.03,-1.60
21.00,90.00,4,e0_0,162.39,0.00,27.30,Car,162.39,-1.60
22.00,90.00,0,e0_0,452.25,0.00,32.69,Car01,452.25,-1.60
22.00,90.00,1,e0_0,401.19,0.00,31.46,Car,401.19,-1.60
22.00,90.00,2,e0_0,349.33,0.00,31.55,Car,349.33,-1.60
22.00,90.00,3,e0_0,271.49,0.00,32.46,Car,271.49,-1.60
22.00,90.00,4,e0_0,192.18,0.00,29.79,Car,192.18,-1.60
23.00,90.00,0,e0_0,484.53,0.00,32.28,Car01,484.53,-1.60
23.00,90.00,1,e0_0,432.65,0.00,31.46,Car,432.65,-1.60
23.00,90.00,2,e0_0,380.93,0.00,31.60,Car,380.93,-1.60
23.00,90.00,3,e0_0,304.38,0.00,32.89,Car,304.38,-1.60
23.00,90.00,4,e0_0,223.47,0.00,31.29,Car,223.47,-1.60
24.00,90.00,0,e0_0,517.98,0.00,33.45,Car01,517.98,-1.60
24.00,90.00,1,e0_0,464.11,0.00,31.46,Car,464.11,-1.60
24.00,90.00,2,e0_0,412.58,0.00,31.65,Car,412.58,-1.60
24.00,90.00,3,e0_0,337.52,0.00,33.14,Car,337.52,-1.60
24.00,90.00,4,e0_0,255.65,0.00,32.18,Car,255.65,-1.60
25.00,90.00,0,e0_0,550.57,0.00,32.59,Car01,550.57,-1.60
25.00,90.00,1,e0_0,495.57,0.00,31.46,Car,495.57,-1.60
25.00,90.00,2,e0_0,444.26,0.00,31.69,Car,444.26,-1.60
25.00,90.00,3,e0_0,370.82,0.00,33.30,Car,370.82,-1.60
25.00,90.00,4,e0_0,288.37,0.00,32.72,Car,288.37,-1.60
26.00,90.00,0,e0_0,584.09,0.00,33.52,Car01,584.09,-1.60
26.00,90.00,1,e0_0,527.03,0.00,31.46,Car,527.03,-1.60
26.00,90.00,2,e0_0,475.99,0.00,31.73,Car,475.99,-1.60
26.00,90.00,3,e0_0,404.21,0.00,33.39,Car,404.21,-1.60
26.00,90.00,4,e0_0,321.41,0.00,33.04,Car,321.41,-1.60
27.00,90.00,0,e0_0,617.05,0.00,32.96,Car01,617.05,-1.60
27.00,90.00,1,e0_0,558.49,0.00,31.46,Car,558.49,-1.60
27.00,90.00,2,e0_0,507.75,0.00,31.76,Car,507.75,-1.60
27.00,90.00,3,e0_0,437.66,0.00,33.45,Car,437.66,-1.60
27.00,90.00,4,e0_0,354.65,0.00,33.24,Car,354.65,-1.60
28.00,90.00,0,e0_0,650.51,0.00,33.46,Car01,650.51,-1.60
28.00,90.00,1,e0_0,589.95,0.00,31.46,Car,589.95,-1.60
28.00,90.00,2,e0_0,539.55,0.00,31.79,Car,539.55,-1.60
28.00,90.00,3,e0_0,471.13,0.00,33.48,Car,471.13,-1.60
28.00,90.00,4,e0_0,388.00,0.00,33.35,Car,388.00,-1.60
29.00,90.00,0,e0_0,683.64,0.00,33.13,Car01,683.64,-1.60
29.00,90.00,1,e0_0,621.42,0.00,31.46,Car,621.42,-1.60
29.00,90.00,2,e0_0,571.37,0.00,31.82,Car,571.37,-1.60
29.00,90.00,3,e0_0,504.63,0.00,33.50,Car,504.63,-1.60
29.00,90.00,4,e0_0,421.43,0.00,33.42,Car,421.43,-1.60
30.00,90.00,0,e0_0,716.17,0.00,32.53,Car01,716.17,-1.60
30.00,90.00,1,e0_0,652.88,0.00,31.46,Car,652.88,-1.60
30.00,90.00,2,e0_0,603.22,0.00,31.85,Car,603.22,-1.60
30.00,90.00,3,e0_0,538.14,0.00,33.51,Car,538.14,-1.60
30.00,90.00,4,e0_0,454.89,0.00,33.47,Car,454.89,-1.60
31.00,90.00,0,e0_0,749.34,0.00,33.17,Car01,749.34,-1.60
31.00,90.00,1,e0_0,684.34,0.00,31.46,Car,684.34,-1.60
31.00,90.00,2,e0_0,635.09,0.00,31.87,Car,635.09,-1.60
31.00,90.00,3,e0_0,571.66,0.00,33.52,Car,571.66,-1.60
31.00,90.00,4,e0_0,488.38,0.00,33.49,Car,488.38,-1.60
32.00,90.00,0,e0_0,781.63,0.00,32.30,Car01,781.63,-1.60
32.00,90.00,1,e0_0,715.80,0.00,31.46,Car,715.80,-1.60
32.00,90.00,2,e0_0,666.97,0.00,31.89,Car,666.97,-1.60
32.00,90.00,3,e0_0,605.18,0.00,33.52,Car,605.18,-1.60
32.00,90.00,4,e0_0,521.89,0.00,33.51,Car,521.89,-1.60
33.00,90.00,0,e0_0,814.98,0.00,33.34,Car01,814.98,-1.60
33.00,90.00,1,e0_0,747.26,0.00,31.46,Car,747.26,-1.60
33.00,90.00,2,e0_0,698.87,0.00,31.90,Car,698.87,-1.60
33.00,90.00,3,e0_0,638.71,0.00,33.52,Car,638.71,-1.60
33.00,90.00,4,e0_0,555.40,0.00,33.51,Car,555.40,-1.60
34.00,90.00,0,e0_0,847.75,0.00,32.77,Car01,847.75,-1.60
34.00,90.00,1,e0_0,778.72,0.00,31.46,Car,778.72,-1.60
34.00,90.00,2,e0_0,730.78,0.00,31.91,Car,730.78,-1.60
34.00,90.00,3,e0_0,672.23,0.00,33.53,Car,672.23,-1.60
34.00,90.00,4,e0_0,588.92,0.00,33.52,Car,588.92,-1.60
35.00,90.00,0,e0_0,881.19,0.00,33.44,Car01,881.19,-1.60
35.00,90.00,1,e0_0,810.18,0.00,31.46,Car,810.18,-1.60
35.00,90.00,2,e0_0,762.70,0.00,31.92,Car,762.70,-1.60
35.00,90.00,3,e0_0,705.76,0.00,33.53,Car,705.76,-1.60
35.00,90.00,4,e0_0,622.44,0.00,33.52,Car,622.44,-1.60
36.00,90.00,0,e0_0,913.83,0.00,32.64,Car01,913.83,-1.60
36.00,90.00,1,e0_0,841.65,0.00,31.46,Car,841.65,-1.60
36.00,90.00,2,e0_0,794.63,0.00,31.92,Car,794.63,-1.60
36.00,90.00,3,e0_0,739.27,0.00,33.51,Car,739.27,-1.60
36.00,90.00,4,e0_0,655.97,0.00,33.53,Car,655.97,-1.60
37.00,90.00,0,e0_0,947.29,0.00,33.46,Car01,947.29,-1.60
37.00,90.00,1,e0_0,873.11,0.00,31.46,Car,873.11,-1.60
37.00,90.00,2,e0_0,826.55,0.00,31.93,Car,826.55,-1.60
37.00,90.00,3,e0_0,772.76,0.00,33.49,Car,772.76,-1.60
37.00,90.00,4,e0_0,689.50,0.00,33.53,Car,689.50,-1.60
38.00,90.00,0,e0_0,980.07,0.00,32.78,Car01,980.07,-1.60
38.00,90.00,1,e0_0,904.57,0.00,31.46,Car,904.57,-1.60
38.00,90.00,2,e0_0,858.48,0.00,31.93,Car,858.48,-1.60
38.00,90.00,3,e0_0,806.23,0.00,33.46,Car,806.23,-1.60
38.00,90.00,4,e0_0,723.02,0.00,33.53,Car,723.02,-1.60
39.00,90.00,0,e0_0,1013.11,0.00,33.04,Car01,1013.11,-1.60
39.00,90.00,1,e0_0,936.03,0.00,31.46,Car,936.03,-1.60
39.00,90.00,2,e0_0,890.40,0.00,31.92,Car,890.40,-1.60
39.00,90.00,3,e0_0,839.66,0.00,33.43,Car,839.66,-1.60
39.00,90.00,4,e0_0,756.55,0.00,33.53,Car,756.55,-1.60
40.00,90.00,0,e0_0,1045.36,0.00,32.25,Car01,1045.36,-1.60
40.00,90.00,1,e0_0,967.49,0.00,31.46,Car,967.49,-1.60
40.00,90.00,2,e0_0,922.32,0.00,31.92,Car,922.32,-1.60
40.00,90.00,3,e0_0,873.05,0.00,33.39,Car,873.05,-1.60
40.00,90.00,4,e0_0,790.08,0.00,33.53,Car,790.08,-1.60
41.00,90.00,0,e0_0,1078.46,0.00,33.10,Car01,1078.46,-1.60
41.00,90.00,1,e0_0,998.95,0.00,31.46,Car,998.95,-1.60
41.00,90.00,2,e0_0,954.24,0.00,31.91,Car,954.24,-1.60
41.00,90.00,3,e0_0,906.39,0.00,33.34,Car,906.39,-1.60
41.00,90.00,4,e0_0,823.61,0.00,33.53,Car,823.61,-1.60
42.00,90.00,0,e0_0,1111.66,0.00,33.20,Car01,1111.66,-1.60
42.00,90.00,1,e0_0,1030.41,0.00,31.46,Car,1030.41,-1.60
42.00,90.00,2,e0_0,986.14,0.00,31.90,Car,986.14,-1.60
42.00,90.00,3,e0_0,939.68,0.00,33.29,Car,939.68,-1.60
42.00,90.00,4,e0_0,857.13,0.00,33.53,Car,857.13,-1.60
43.00,90.00,0,e0_0,1144.81,0.00,33.15,Car01,1144.81,-1.60
43.00,90.00,1,e0_0,1061.87,0.00,31.46,Car,1061.87,-1.60
43.00,90.00,2,e0_0,1018.03,0.00,31.89,Car,1018.03,-1.60
43.00,90.00,3,e0_0,972.92,0.00,33.24,Car,972.92,-1.60
43.00,90.00,4,e0_0,890.66,0.00,33.53,Car,890.66,-1.60
44.00,90.00,0,e0_0,1177.75,0.00,32.94,Car01,1177.75,-1.60
44.00,90.00,1,e0_0,1093.34,0.00,31.46,Car,1093.34,-1.60
44.00,90.00,2,e0_0,1049.91,0.00,31.88,Car,1049.91,-1.60
44.00,90.00,3,e0_0,1006.10,0.00,33.18,Car,1006.10,-1.60
44.00,90.00,4,e0_0,924.19,0.00,33.53,Car,924.19,-1.60
45.00,90.00,0,e0_0,1210.87,0.00,33.11,Car01,1210.87,-1.60
45.00,90.00,1,e0_0,1124.80,0.00,31.46,Car,1124.80,-1.60
45.00,90.00,2,e0_0,1081.78,0.00,31.87,Car,1081.78,-1.60
45.00,90.00,3,e0_0,1039.21,0.00,33.11,Car,1039.21,-1.60
45.00,90.00,4,e0_0,957.72,0.00,33.53,Car,957.72,-1.60
46.00,90.00,0,e0_0,1243.97,0.00,33.10,Car01,1243.97,-1.60
46.00,90.00,1,e0_0,1156.26,0.00,31.46,Car,1156.26,-1.60
46.00,90.00,2,e0_0,1113.63,0.00,31.85,Car,1113.63,-1.60
46.00,90.00,3,e0_0,1072.01,0.00,32.80,Car,1072.01,-1.60
46.00,90.00,4,e0_0,991.25,0.00,33.53,Car,991.25,-1.60
47.00,90.00,0,e0_0,1277.02,0.00,33.05,Car01,1277.02,-1.60
47.00,90.00,1,e0_0,1187.72,0.00,31.46,Car,1187.72,-1.60
47.00,90.00,2,e0_0,1145.47,0.00,31.84,Car,1145.47,-1.60
47.00,90.00,3,e0_0,1104.22,0.00,32.21,Car,1104.22,-1.60
47.00,90.00,4,e0_0,1024.77,0.00,33.53,Car,1024.77,-1.60
48.00,90.00,0,e0_0,1309.38,0.00,32.36,Car01,1309.38,-1.60
48.00,90.00,1,e0_0,1219.18,0.00,31.46,Car,1219.18,-1.60
48.00,90.00,2,e0_0,1177.29,0.00,31.82,Car,1177.29,-1.60
48.00,90.00,3,e0_0,1135.95,0.00,31.73,Car,1135.95,-1.60
48.00,90.00,4,e0_0,1058.30,0.00,33.53,Car,1058.30,-1.60
49.00,90.00,0,e0_0,1341.95,0.00,32.57,Car01,1341.95,-1.60
49.00,90.00,1,e0_0,1250.64,0.00,31.46,Car,1250.64,-1.60
49.00,90.00,2,e0_0,1209.13,0.00,31.85,Car,1209.13,-1.60
49.00,90.00,3,e0_0,1167.48,0.00,31.53,Car,1167.48,-1.60
49.00,90.00,4,e0_0,1091.83,0.00,33.53,Car,1091.83,-1.60
50.00,90.00,0,e0_0,1374.64,0.00,32.69,Car01,1374.64,-1.60
50.00,90.00,1,e0_0,1282.10,0.00,31.46,Car,1282.10,-1.60
50.00,90.00,2,e0_0,1240.81,0.00,31.68,Car,1240.81,-1.60
50.00,90.00,3,e0_0,1199.07,0.00,31.59,Car,1199.07,-1.60
50.00,90.00,4,e0_0,1125.36,0.00,33.53,Car,1125.36,-1.60
51.00,90.00,0,e0_0,1407.33,0.00,32.69,Car01,1407.33,-1.60
51.00,90.00,1,e0_0,1313.57,0.00,31.46,Car,1313.57,-1.60
51.00,90.00,2,e0_0,1272.30,0.00,31.48,Car,1272.30,-1.60
51.00,90.00,3,e0_0,1230.73,0.00,31.66,Car,1230.73,-1.60
51.00,90.00,4,e0_0,1158.89,0.00,33.53,Car,1158.89,-1.60
52.00,90.00,0,e0_0,1440.74,0.00,33.42,Car01,1440.74,-1.60
52.00,90.00,1,e0_0,1345.03,0.00,31.46,Car,1345.03,-1.60
52.00,90.00,2,e0_0,1303.67,0.00,31.38,Car,1303.67,-1.60
52.00,90.00,3,e0_0,1262.34,0.00,31.61,Car,1262.34,-1.60
52.00,90.00,4,e0_0,1192.41,0.00,33.53,Car,1192.41,-1.60
53.00,90.00,0,e0_0,1473.07,0.00,32.32,Car01,1473.07,-1.60
53.00,90.00,1,e0_0,1376.49,0.00,31.46,Car,1376.49,-1.60
53.00,90.00,2,e0_0,1335.04,0.00,31.37,Car,1335.04,-1.60
53.00,90.00,3,e0_0,1293.81,0.00,31.47,Car,1293.81,-1.60
53.00,90.00,4,e0_0,1225.94,0.00,33.53,Car,1225.94,-1.60
54.00,90.00,0,e0_0,1506.57,0.00,33.50,Car01,1506.57,-1.60
54.00,90.00,1,e0_0,1407.95,0.00,31.46,Car,1407.95,-1.60
54.00,90.00,2,e0_0,1366.44,0.00,31.40,Car,1366.44,-1.60
54.00,90.00,3,e0_0,1325.16,0.00,31.35,Car,1325.16,-1.60
54.00,90.00,4,e0_0,1259.47,0.00,33.53,Car,1259.47,-1.60
55.00,90.00,0,e0_0,1539.17,0.00,32.60,Car01,1539.17,-1.60
55.00,90.00,1,e0_0,1439.41,0.00,31.46,Car,1439.41,-1.60
55.00,90.00,2,e0_0,1397.90,0.00,31.45,Car,1397.90,-1.60
55.00,90.00,3,e0_0,1356.48,0.00,31.31,Car,1356.48,-1.60
55.00,90.00,4,e0_0,1293.00,0.00,33.53,Car,1293.00,-1.60
56.00,90.00,0,e0_0,1572.21,0.00,33.04,Car01,1572.21,-1.60
56.00,90.00,1,e0_0,1470.87,0.00,31.46,Car,1470.87,-1.60
56.00,90.00,2,e0_0,1429.38,0.00,31.48,Car,1429.38,-1.60
56.00,90.00,3,e0_0,1387.84,0.00,31.36,Car,1387.84,-1.60
56.00,90.00,4,e0_0,1326.53,0.00,33.53,Car,1326.53,-1.60
57.00,90.00,0,e0_0,1604.53,0.00,32.32,Car01,1604.53,-1.60
57.00,90.00,1,e0_0,1502.33,0.00,31.46,Car,1502.33,-1.60
57.00,90.00,2,e0_0,1460.86,0.00,31.49,Car,1460.86,-1.60
57.00,90.00,3,e0_0,1419.28,0.00,31.44,Car,1419.28,-1.60
57.00,90.00,4,e0_0,1360.05,0.00,33.53,Car,1360.05,-1.60
58.00,90.00,0,e1_0,28.50,0.00,33.41,Car01,1655.20,-1.60
58.00,90.00,1,e0_0,1533.80,0.00,31.46,Car,1533.80,-1.60
58.00,90.00,2,e0_0,1492.34,0.00,31.48,Car,1492.34,-1.60
58.00,90.00,3,e0_0,1450.79,0.00,31.51,Car,1450.79,-1.60
58.00,90.00,4,e0_0,1393.58,0.00,33.53,Car,1393.58,-1.60
59.00,90.00,0,e1_0,61.77,0.00,33.27,Car01,1708.74,-1.60
59.00,90.00,1,e0_0,1565.26,0.00,31.46,Car,1565.26,-1.60
59.00,90.00,2,e0_0,1523.81,0.00,31.47,Car,1523.81,-1.60
59.00,90.00,3,e0_0,1482.32,0.00,31.53,Car,1482.32,-1.60
59.00,90.00,4,e0_0,1427.08,0.00,33.50,Car,1427.08,-1.60
60.00,90.00,0,e1_0,94.13,0.00,32.37,Car01,1760.84,-1.60
60.00,90.00,1,e0_0,1596.72,0.00,31.46,Car,1596.72,-1.60
60.00,90.00,2,e0_0,1555.27,0.00,31.46,Car,1555.27,-1.60
60.00,90.00,3,e0_0,1513.83,0.00,31.51,Car,1513.83,-1.60
60.00,90.00,4,e0_0,1460.53,0.00,33.45,Car,1460.53,-1.60
61.00,90.00,0,e1_0,123.27,0.00,29.13,Car01,1807.72,-1.60
61.00,90.00,1,e1_0,18.74,0.00,31.46,Car,1639.50,-1.60
61.00,90.00,2,e0_0,1586.72,0.00,31.45,Car,1586.72,-1.60
61.00,90.00,3,e0_0,1545.30,0.00,31.47,Car,1545.30,-1.60
61.00,90.00,4,e0_0,1493.94,0.00,33.40,Car,1493.94,-1.60
62.00,90.00,0,e1_0,149.16,0.00,25.90,Car01,1849.39,-1.60
62.00,90.00,1,e1_0,50.20,0.00,31.46,Car,1690.13,-1.60
62.00,90.00,2,e1_0,8.74,0.00,31.46,Car,1623.40,-1.60
62.00,90.00,3,e0_0,1576.75,0.00,31.45,Car,1576.75,-1.60
62.00,90.00,4,e0_0,1527.28,0.00,33.34,Car,1527.28,-1.60
63.00,90.00,0,e1_0,171.82,0.00,22.66,Car01,1885.86,-1.60
63.00,90.00,1,e1_0,81.66,0.00,31.46,Car,1740.76,-1.60
63.00,90.00,2,e1_0,40.20,0.00,31.46,Car,1674.03,-1.60
63.00,90.00,3,e0_0,1608.19,0.00,31.44,Car,1608.19,-1.60
63.00,90.00,4,e0_0,1560.56,0.00,33.28,Car,1560.56,-1.60
64.00,90.00,0,e1_0,191.24,0.00,19.42,Car01,1917.12,-1.60
64.00,90.00,1,e1_0,113.12,0.00,31.46,Car,1791.40,-1.60
64.00,90.00,2,e1_0,71.66,0.00,31.46,Car,1724.67,-1.60
64.00,90.00,3,e1_0,30.19,0.00,31.44,Car,1657.93,-1.60
64.00,90.00,4,e0_0,1593.76,0.00,33.20,Car,1593.76,-1.60
65.00,90.00,0,e1_0,207.43,0.00,16.18,Car01,1943.16,-1.60
65.00,90.00,1,e1_0,143.38,0.00,30.26,Car,1840.09,-1.60
65.00,90.00,2,e1_0,103.12,0.00,31.46,Car,1775.30,-1.60
65.00,90.00,3,e1_0,61.65,0.00,31.46,Car,1708.55,-1.60
65.00,90.00,4,e1_0,17.45,0.00,33.13,Car,1637.42,-1.60
66.00,90.00,0,e1_0,220.38,0.00,12.95,Car01,1964.00,-1.60
66.00,90.00,1,e1_0,169.65,0.00,26.27,Car,1882.36,-1.60
66.00,90.00,2,e1_0,133.98,0.00,30.86,Car,1824.97,-1.60
66.00,90.00,3,e1_0,93.11,0.00,31.47,Car,1759.19,-1.60
66.00,90.00,4,e1_0,50.49,0.00,33.04,Car,1690.60,-1.60
67.00,90.00,0,e1_0,230.09,0.00,9.71,Car01,1979.63,-1.60
67.00,90.00,1,e1_0,191.77,0.00,22.12,Car,1917.97,-1.60
67.00,90.00,2,e1_0,162.25,0.00,28.26,Car,1870.45,-1.60
67.00,90.00,3,e1_0,124.28,0.00,31.17,Car,1809.35,-1.60
67.00,90.00,4,e1_0,83.26,0.00,32.77,Car,1743.34,-1.60
68.00,90.00,0,e1_0,236.56,0.00,6.47,Car01,1990.05,-1.60
68.00,90.00,1,e1_0,204.90,0.00,13.12,Car,1939.09,-1.60
68.00,90.00,2,e1_0,186.14,0.00,23.89,Car,1908.91,-1.60
68.00,90.00,3,e1_0,153.85,0.00,29.57,Car,1856.93,-1.60
68.00,90.00,4,e1_0,115.15,0.00,31.89,Car,1794.66,-1.60
69.00,90.00,0,e1_0,239.80,0.00,3.24,Car01,1995.26,-1.60
69.00,90.00,1,e1_0,213.14,0.00,8.25,Car,1952.36,-1.60
69.00,90.00,2,e1_0,201.04,0.00,14.89,Car,1932.88,-1.60
69.00,90.00,3,e1_0,179.78,0.00,25.93,Car,1898.67,-1.60
69.00,90.00,4,e1_0,145.44,0.00,30.29,Car,1843.41,-1.60
70.00,90.00,0,e1_0,239.80,0.00,0.00,Car01,1995.26,-1.60
70.00,90.00,1,e1_0,223.99,0.00,10.85,Car,1969.81,-1.60
70.00,90.00,2,e1_0,209.39,0.00,8.36,Car,1946.33,-1.60
70.00,90.00,3,e1_0,196.71,0.00,16.93,Car,1925.91,-1.60
70.00,90.00,4,e1_0,172.76,0.00,27.31,Car,1887.37,-1.60
71.00,90.00,0,e1_0,241.95,0.00,2.16,Car01,1998.73,-1.60
71.00,90.00,1,e1_0,230.31,0.00,6.32,Car,1979.99,-1.60
71.00,90.00,2,e1_0,215.86,0.00,6.46,Car,1956.73,-1.60
71.00,90.00,3,e1_0,205.48,0.00,8.77,Car,1940.03,-1.60
71.00,90.00,4,e1_0,191.57,0.00,18.81,Car,1917.64,-1.60
72.00,90.00,0,e1_0,246.14,0.00,4.19,Car01,2005.46,-1.60
72.00,90.00,1,e1_0,233.93,0.00,3.62,Car,1985.81,-1.60
72.00,90.00,2,e1_0,221.31,0.00,5.46,Car,1965.51,-1.60
72.00,90.00,3,e1_0,209.95,0.00,4.47,Car,1947.22,-1.60
72.00,90.00,4,e1_0,201.38,0.00,9.81,Car,1933.43,-1.60
73.00,90.00,0,e1_0,252.10,0.00,5.96,Car01,2015.06,-1.60
73.00,90.00,1,e1_0,238.05,0.00,4.12,Car,1992.44,-1.60
73.00,90.00,2,e1_0,225.35,0.00,4.04,Car,1972.01,-1.60
73.00,90.00,3,e1_0,212.86,0.00,2.91,Car,1951.90,-1.60
73.00,90.00,4,e1_0,203.52,0.00,2.14,Car,1936.87,-1.60
74.00,90.00,0,e1_0,260.62,0.00,8.52,Car01,2028.77,-1.60
74.00,90.00,1,e1_0,243.74,0.00,5.69,Car,2001.60,-1.60
74.00,90.00,2,e1_0,228.72,0.00,3.37,Car,1977.42,-1.60
74.00,90.00,3,e1_0,215.55,0.00,2.70,Car,1956.24,-1.60
74.00,90.00,4,e1_0,204.05,0.00,0.53,Car,1937.73,-1.60
75.00,90.00,0,e1_0,270.74,0.00,10.12,Car01,2045.06,-1.60
75.00,90.00,1,e1_0,251.84,0.00,8.10,Car,2014.63,-1.60
75.00,90.00,2,e1_0,234.68,0.00,5.97,Car,1987.03,-1.60
75.00,90.00,3,e1_0,220.85,0.00,5.30,Car,1964.77,-1.60
75.00,90.00,4,e1_0,207.19,0.00,3.13,Car,1942.78,-1.60
76.00,90.00,0,e1_0,282.63,0.00,11.89,Car01,2064.19,-1.60
76.00,90.00,1,e1_0,261.69,0.00,9.85,Car,2030.49,-1.60
76.00,90.00,2,e1_0,243.25,0.00,8.57,Car,2000.82,-1.60
76.00,90.00,3,e1_0,225.66,0.00,4.80,Car,1972.50,-1.60
76.00,90.00,4,e1_0,212.92,0.00,5.73,Car,1952.00,-1.60
77.00,90.00,0,e1_0,296.64,0.00,14.01,Car01,2086.74,-1.60
77.00,90.00,1,e1_0,273.31,0.00,11.62,Car,2049.20,-1.60
77.00,90.00,2,e1_0,251.96,0.00,8.70,Car,2014.82,-1.60
77.00,90.00,3,e1_0,233.06,0.00,7.40,Car,1984.41,-1.60
77.00,90.00,4,e1_0,217.39,0.00,4.47,Car,1959.19,-1.60
78.00,90.00,0,e1_0,312.27,0.00,15.62,Car01,2111.89,-1.60
78.00,90.00,1,e1_0,287.02,0.00,13.70,Car,2071.25,-1.60
78.00,90.00,2,e1_0,260.82,0.00,8.87,Car,2029.10,-1.60
78.00,90.00,3,e1_0,243.06,0.00,10.00,Car,2000.51,-1.60
78.00,90.00,4,e1_0,221.95,0.00,4.56,Car,1966.53,-1.60
79.00,90.00,0,e1_0,329.85,0.00,17.58,Car01,2140.18,-1.60
79.00,90.00,1,e1_0,302.42,0.00,15.40,Car,2096.03,-1.60
79.00,90.00,2,e1_0,272.29,0.00,11.47,Car,2047.55,-1.60
79.00,90.00,3,e1_0,252.13,0.00,9.07,Car,2015.10,-1.60
79.00,90.00,4,e1_0,229.10,0.00,7.16,Car,1978.05,-1.60
80.00,90.00,0,e1_0,348.76,0.00,18.91,Car01,2170.62,-1.60
80.00,90.00,1,e1_0,319.74,0.00,17.33,Car,2123.92,-1.60
80.00,90.00,2,e1_0,286.36,0.00,14.07,Car,2070.20,-1.60
80.00,90.00,3,e1_0,261.28,0.00,9.15,Car,2029.82,-1.60
80.00,90.00,4,e1_0,238.86,0.00,9.76,Car,1993.75,-1.60
81.00,90.00,0,e1_0,369.11,0.00,20.35,Car01,2203.36,-1.60
81.00,90.00,1,e1_0,338.51,0.00,18.76,Car,2154.12,-1.60
81.00,90.00,2,e1_0,303.03,0.00,16.67,Car,2097.02,-1.60
81.00,90.00,3,e1_0,270.70,0.00,9.43,Car,2044.99,-1.60
81.00,90.00,4,e1_0,251.22,0.00,12.36,Car,2013.63,-1.60
82.00,90.00,0,e1_0,391.05,0.00,21.94,Car01,2238.67,-1.60
82.00,90.00,1,e1_0,358.71,0.00,20.20,Car,2186.63,-1.60
82.00,90.00,2,e1_0,322.30,0.00,19.27,Car,2128.03,-1.60
82.00,90.00,3,e1_0,282.73,0.00,12.03,Car,2064.35,-1.60
82.00,90.00,4,e1_0,262.27,0.00,11.05,Car,2031.42,-1.60
83.00,90.00,0,e1_0,415.03,0.00,23.98,Car01,2277.27,-1.60
83.00,90.00,1,e1_0,380.49,0.00,21.78,Car,2221.68,-1.60
83.00,90.00,2,e1_0,344.17,0.00,21.87,Car,2163.23,-1.60
83.00,90.00,3,e1_0,297.36,0.00,14.63,Car,2087.89,-1.60
83.00,90.00,4,e1_0,273.03,0.00,10.77,Car,2048.75,-1.60
84.00,90.00,0,e1_0,440.99,0.00,25.96,Car01,2319.04,-1.60
84.00,90.00,1,e1_0,404.24,0.00,23.75,Car,2259.90,-1.60
84.00,90.00,2,e1_0,366.19,0.00,22.02,Car,2198.66,-1.60
84.00,90.00,3,e1_0,314.58,0.00,17.23,Car,2115.61,-1.60
84.00,90.00,4,e1_0,284.00,0.00,10.97,Car,2066.39,-1.60
85.00,90.00,0,e1_0,469.06,0.00,28.08,Car01,2364.23,-1.60
85.00,90.00,1,e1_0,429.98,0.00,25.74,Car,2301.32,-1.60
85.00,90.00,2,e1_0,388.33,0.00,22.14,Car,2234.29,-1.60
85.00,90.00,3,e1_0,334.41,0.00,19.83,Car,2147.52,-1.60
85.00,90.00,4,e1_0,297.57,0.00,13.57,Car,2088.23,-1.60
86.00,90.00,0,e1_0,499.14,0.00,30.07,Car01,2412.62,-1.60
86.00,90.00,1,e1_0,457.82,0.00,27.84,Car,2346.13,-1.60
86.00,90.00,2,e1_0,410.70,0.00,22.37,Car,2270.30,-1.60
86.00,90.00,3,e1_0,356.84,0.00,22.43,Car,2183.62,-1.60
86.00,90.00,4,e1_0,313.73,0.00,16.17,Car,2114.24,-1.60
87.00,90.00,0,e1_0,530.65,0.00,31.51,Car01,2463.34,-1.60
87.00,90.00,1,e1_0,487.68,0.00,29.87,Car,2394.19,-1.60
87.00,90.00,2,e1_0,433.43,0.00,22.73,Car,2306.89,-1.60
87.00,90.00,3,e1_0,381.86,0.00,25.03,Car,2223.89,-1.60
87.00,90.00,4,e1_0,332.50,0.00,18.77,Car,2144.44,-1.60
88.00,90.00,0,e1_0,563.78,0.00,33.13,Car01,2516.66,-1.60
88.00,90.00,1,e1_0,519.09,0.00,31.41,Car,2444.74,-1.60
88.00,90.00,2,e1_0,458.77,0.00,25.33,Car,2347.66,-1.60
88.00,90.00,3,e1_0,409.49,0.00,27.63,Car,2268.35,-1.60
88.00,90.00,4,e1_0,353.86,0.00,21.37,Car,2178.83,-1.60
89.00,90.00,0,e1_0,596.67,0.00,32.89,Car01,2569.59,-1.60
89.00,90.00,1,e1_0,550.55,0.00,31.46,Car,2495.37,-1.60
89.00,90.00,2,e1_0,486.70,0.00,27.93,Car,2392.61,-1.60
89.00,90.00,3,e1_0,439.41,0.00,29.92,Car,2316.51,-1.60
89.00,90.00,4,e1_0,377.83,0.00,23.97,Car,2217.40,-1.60
90.00,90.00,0,e1_0,629.00,0.00,32.32,Car01,2621.61,-1.60
90.00,90.00,1,e1_0,582.01,0.00,31.46,Car,2546.00,-1.60
90.00,90.00,2,e1_0,516.87,0.00,30.17,Car,2441.17,-1.60
90.00,90.00,3,e1_0,469.38,0.00,29.97,Car,2364.74,-1.60
90.00,90.00,4,e1_0,404.39,0.00,26.57,Car,2260.15,-1.60
91.00,90.00,0,e1_0,661.92,0.00,32.93,Car01,2674.60,-1.60
91.00,90.00,1,e1_0,613.48,0.00,31.46,Car,2596.63,-1.60
91.00,90.00,2,e1_0,548.39,0.00,31.51,Car,2491.88,-1.60
91.00,90.00,3,e1_0,499.41,0.00,30.02,Car,2413.06,-1.60
91.00,90.00,4,e1_0,433.56,0.00,29.17,Car,2307.09,-1.60
92.00,90.00,0,e1_0,695.38,0.00,33.46,Car01,2728.45,-1.60
92.00,90.00,1,e1_0,644.94,0.00,31.46,Car,2647.27,-1.60
92.00,90.00,2,e1_0,580.71,0.00,32.32,Car,2543.90,-1.60
92.00,90.00,3,e1_0,529.55,0.00,30.14,Car,2461.57,-1.60
92.00,90.00,4,e1_0,464.47,0.00,30.91,Car,2356.83,-1.60
93.00,90.00,0,e1_0,728.74,0.00,33.36,Car01,2782.14,-1.60
93.00,90.00,1,e1_0,676.40,0.00,31.46,Car,2697.90,-1.60
93.00,90.00,2,e1_0,613.51,0.00,32.80,Car,2596.69,-1.60
93.00,90.00,3,e1_0,559.87,0.00,30.31,Car,2510.36,-1.60
93.00,90.00,4,e1_0,496.43,0.00,31.96,Car,2408.26,-1.60
94.00,90.00,0,e1_0,761.52,0.00,32.78,Car01,2834.89,-1.60
94.00,90.00,1,e1_0,707.86,0.00,31.46,Car,2748.53,-1.60
94.00,90.00,2,e1_0,646.60,0.00,33.09,Car,2649.95,-1.60
94.00,90.00,3,e1_0,590.38,0.00,30.51,Car,2559.46,-1.60
94.00,90.00,4,e1_0,529.01,0.00,32.59,Car,2460.71,-1.60
95.00,90.00,0,e1_0,794.09,0.00,32.57,Car01,2887.30,-1.60
95.00,90.00,1,e1_0,739.32,0.00,31.46,Car,2799.16,-1.60
95.00,90.00,2,e1_0,679.87,0.00,33.27,Car,2703.48,-1.60
95.00,90.00,3,e1_0,621.11,0.00,30.73,Car,2608.92,-1.60
95.00,90.00,4,e1_0,561.98,0.00,32.96,Car,2513.75,-1.60
96.00,90.00,0,e1_0,827.44,0.00,33.35,Car01,2940.98,-1.60
96.00,90.00,1,e1_0,770.78,0.00,31.46,Car,2849.79,-1.60
96.00,90.00,2,e1_0,713.24,0.00,33.37,Car,2757.19,-1.60
96.00,90.00,3,e1_0,652.07,0.00,30.96,Car,2658.75,-1.60
96.00,90.00,4,e1_0,595.16,0.00,33.19,Car,2567.17,-1.60
97.00,90.00,0,e1_0,859.83,0.00,32.39,Car01,2993.11,-1.60
97.00,90.00,1,e1_0,802.24,0.00,31.46,Car,2900.43,-1.60
97.00,90.00,2,e1_0,746.59,0.00,33.35,Car,2810.86,-1.60
97.00,90.00,3,e1_0,683.26,0.00,31.19,Car,2708.94,-1.60
97.00,90.00,4,e1_0,628.32,0.00,33.16,Car,2620.53,-1.60
98.00,90.00,0,e1_0,892.09,0.00,32.26,Car01,3045.02,-1.60
98.00,90.00,1,e1_0,833.71,0.00,31.46,Car,2951.06,-1.60
98.00,90.00,2,e1_0,779.91,0.00,33.32,Car,2864.48,-1.60
98.00,90.00,3,e1_0,714.68,0.00,31.42,Car,2759.51,-1.60
98.00,90.00,4,e1_0,661.44,0.00,33.12,Car,2673.82,-1.60
99.00,90.00,0,e1_0,924.57,0.00,32.48,Car01,3097.29,-1.60
99.00,90.00,1,e1_0,865.17,0.00,31.46,Car,3001.69,-1.60
99.00,90.00,2,e1_0,813.19,0.00,33.28,Car,2918.04,-1.60
99.00,90.00,3,e1_0,746.33,0.00,31.65,Car,2810.45,-1.60
99.00,90.00,4,e1_0,694.52,0.00,33.08,Car,2727.06,-1.60
100.00,90.00,0,e1_0,957.06,0.00,32.49,Car01,3149.58,-1.60
100.00,90.00,1,e1_0,896.63,0.00,31.46,Car,3052.32,-1.60
100.00,90.00,2,e1_0,846.41,0.00,33.23,Car,2971.51,-1.60
100.00,90.00,3,e1_0,778.20,0.00,31.87,Car,2861.73,-1.60
100.00,90.00,4,e1_0,727.57,0.00,33.05,Car,2780.25,-1.60
101.00,90.00,0,e1_0,989.90,0.00,32.84,Car01,3202.43,-1.60
101.00,90.00,1,e1_0,928.09,0.00,31.46,Car,3102.96,-1.60
101.00,90.00,2,e1_0,879.58,0.00,33.17,Car,3024.89,-1.60
101.00,90.00,3,e1_0,810.28,0.00,32.08,Car,2913.35,-1.60
101.00,90.00,4,e1_0,760.60,0.00,33.03,Car,2833.40,-1.60
102.00,90.00,0,e1_0,1022.25,0.00,32.36,Car01,3254.50,-1.60
102.00,90.00,1,e1_0,959.55,0.00,31.46,Car,3153.59,-1.60
102.00,90.00,2,e1_0,912.69,0.00,33.11,Car,3078.18,-1.60
102.00,90.00,3,e1_0,842.55,0.00,32.28,Car,2965.30,-1.60
102.00,90.00,4,e1_0,793.61,0.00,33.01,Car,2886.53,-1.60
103.00,90.00,0,e1_0,1055.07,0.00,32.81,Car01,3307.31,-1.60
103.00,90.00,1,e1_0,991.01,0.00,31.46,Car,3204.22,-1.60
103.00,90.00,2,e1_0,945.73,0.00,33.04,Car,3131.35,-1.60
103.00,90.00,3,e1_0,875.02,0.00,32.47,Car,3017.56,-1.60
103.00,90.00,4,e1_0,826.61,0.00,33.00,Car,2939.65,-1.60
104.00,90.00,0,e1_0,1087.41,0.00,32.34,Car01,3359.36,-1.60
104.00,90.00,1,e1_0,1022.47,0.00,31.46,Car,3254.85,-1.60
104.00,90.00,2,e1_0,978.71,0.00,32.97,Car,3184.42,-1.60
104.00,90.00,3,e1_0,907.67,0.00,32.65,Car,3070.10,-1.60
104.00,90.00,4,e1_0,859.62,0.00,33.00,Car,2992.76,-1.60
105.00,90.00,0,e1_0,1120.46,0.00,33.05,Car01,3412.55,-1.60
105.00,90.00,1,e1_0,1053.93,0.00,31.46,Car,3305.48,-1.60
105.00,90.00,2,e1_0,1011.60,0.00,32.90,Car,3237.36,-1.60
105.00,90.00,3,e1_0,940.49,0.00,32.82,Car,3122.91,-1.60
105.00,90.00,4,e1_0,892.63,0.00,33.01,Car,3045.89,-1.60
106.00,90.00,0,e1_0,1152.79,0.00,32.33,Car01,3464.57,-1.60
106.00,90.00,1,e1_0,1085.40,0.00,31.46,Car,3356.12,-1.60
106.00,90.00,2,e1_0,1044.17,0.00,32.57,Car,3289.77,-1.60
106.00,90.00,3,e1_0,973.46,0.00,32.97,Car,3175.97,-1.60
106.00,90.00,4,e1_0,925.66,0.00,33.03,Car,3099.04,-1.60
107.00,90.00,0,e1_0,1186.10,0.00,33.31,Car01,3518.19,-1.60
107.00,90.00,1,e1_0,1116.86,0.00,31.46,Car,3406.75,-1.60
107.00,90.00,2,e1_0,1076.06,0.00,31.89,Car,3341.09,-1.60
107.00,90.00,3,e1_0,1006.55,0.00,33.10,Car,3229.23,-1.60
107.00,90.00,4,e1_0,958.70,0.00,33.05,Car,3152.23,-1.60
108.00,90.00,0,e1_0,1219.57,0.00,33.47,Car01,3572.05,-1.60
108.00,90.00,1,e1_0,1148.32,0.00,31.46,Car,3457.38,-1.60
108.00,90.00,2,e1_0,1107.41,0.00,31.34,Car,3391.54,-1.60
108.00,90.00,3,e1_0,1039.73,0.00,33.17,Car,3282.62,-1.60
108.00,90.00,4,e1_0,991.78,0.00,33.08,Car,3205.46,-1.60
109.00,90.00,0,e1_0,1252.97,0.00,33.40,Car01,3625.80,-1.60
109.00,90.00,1,e1_0,1179.78,0.00,31.46,Car,3508.01,-1.60
109.00,90.00,2,e1_0,1138.53,0.00,31.13,Car,3441.63,-1.60
109.00,90.00,3,e1_0,1072.94,0.00,33.21,Car,3336.07,-1.60
109.00,90.00,4,e1_0,1024.89,0.00,33.11,Car,3258.74,-1.60
110.00,90.00,0,e1_0,1286.10,0.00,33.13,Car01,3679.12,-1.60
110.00,90.00,1,e1_0,1211.24,0.00,31.46,Car,3558.65,-1.60
110.00,90.00,2,e1_0,1169.72,0.00,31.18,Car,3491.82,-1.60
110.00,90.00,3,e1_0,1106.16,0.00,33.22,Car,3389.53,-1.60
110.00,90.00,4,e1_0,1058.02,0.00,33.14,Car,3312.07,-1.60
111.00,90.00,0,e1_0,1318.77,0.00,32.67,Car01,3731.69,-1.60
111.00,90.00,1,e1_0,1242.70,0.00,31.46,Car,3609.28,-1.60
111.00,90.00,2,e1_0,1200.92,0.00,31.20,Car,3542.03,-1.60
111.00,90.00,3,e1_0,1139.38,0.00,33.22,Car,3442.99,-1.60
111.00,90.00,4,e1_0,1091.19,0.00,33.17,Car,3365.45,-1.60
112.00,90.00,0,e1_0,1351.33,0.00,32.56,Car01,3784.10,-1.60
112.00,90.00,1,e1_0,1274.16,0.00,31.46,Car,3659.91,-1.60
112.00,90.00,2,e1_0,1232.14,0.00,31.22,Car,3592.27,-1.60
112.00,90.00,3,e1_0,1172.59,0.00,33.21,Car,3496.43,-1.60
112.00,90.00,4,e1_0,1124.39,0.00,33.20,Car,3418.87,-1.60
113.00,90.00,0,e1_0,1384.71,0.00,33.38,Car01,3837.81,-1.60
113.00,90.00,1,e1_0,1305.63,0.00,31.46,Car,3710.54,-1.60
113.00,90.00,2,e1_0,1263.37,0.00,31.24,Car,3642.54,-1.60
113.00,90.00,3,e1_0,1205.78,0.00,33.19,Car,3549.85,-1.60
113.00,90.00,4,e1_0,1157.62,0.00,33.22,Car,3472.34,-1.60
114.00,90.00,0,e1_0,1417.94,0.00,33.23,Car01,3891.29,-1.60
114.00,90.00,1,e1_0,1337.09,0.00,31.46,Car,3761.18,-1.60
114.00,90.00,2,e1_0,1294.62,0.00,31.25,Car,3692.84,-1.60
114.00,90.00,3,e1_0,1238.94,0.00,33.16,Car,3603.22,-1.60
114.00,90.00,4,e1_0,1190.86,0.00,33.25,Car,3525.85,-1.60
115.00,90.00,0,e1_0,1451.02,0.00,33.08,Car01,3944.53,-1.60
115.00,90.00,1,e1_0,1368.55,0.00,31.46,Car,3811.81,-1.60
115.00,90.00,2,e1_0,1325.89,0.00,31.27,Car,3743.16,-1.60
115.00,90.00,3,e1_0,1272.07,0.00,33.13,Car,3656.54,-1.60
115.00,90.00,4,e1_0,1224.13,0.00,33.27,Car,3579.40,-1.60
116.00,90.00,0,e1_0,1483.83,0.00,32.81,Car01,3997.33,-1.60
116.00,90.00,1,e1_0,1400.01,0.00,31.46,Car,3862.44,-1.60
116.00,90.00,2,e1_0,1357.18,0.00,31.29,Car,3793.51,-1.60
116.00,90.00,3,e1_0,1305.16,0.00,33.09,Car,3709.80,-1.60
116.00,90.00,4,e1_0,1257.42,0.00,33.29,Car,3632.97,-1.60
117.00,90.00,0,e1_0,1517.08,0.00,33.25,Car01,4050.84,-1.60
117.00,90.00,1,e1_0,1431.47,0.00,31.46,Car,3913.07,-1.60
117.00,90.00,2,e1_0,1388.49,0.00,31.30,Car,3843.89,-1.60
117.00,90.00,3,e1_0,1338.20,0.00,33.04,Car,3762.97,-1.60
117.00,90.00,4,e1_0,1290.72,0.00,33.30,Car,3686.56,-1.60
118.00,90.00,0,e1_0,1550.55,0.00,33.47,Car01,4104.71,-1.60
118.00,90.00,1,e1_0,1462.93,0.00,31.46,Car,3963.70,-1.60
118.00,90.00,2,e1_0,1419.81,0.00,31.32,Car,3894.30,-1.60
118.00,90.00,3,e1_0,1371.19,0.00,32.99,Car,3816.06,-1.60
118.00,90.00,4,e1_0,1324.03,0.00,33.31,Car,3740.17,-1.60
119.00,90.00,0,e1_0,1583.28,0.00,32.73,Car01,4157.39,-1.60
119.00,90.00,1,e1_0,1494.39,0.00,31.46,Car,4014.34,-1.60
119.00,90.00,2,e1_0,1451.15,0.00,31.34,Car,3944.74,-1.60
119.00,90.00,3,e1_0,1404.12,0.00,32.93,Car,3869.06,-1.60
119.00,90.00,4,e1_0,1357.35,0.00,33.31,Car,3793.78,-1.60
120.00,90.00,0,e1_0,1615.89,0.00,32.61,Car01,4209.86,-1.60
120.00,90.00,1,e1_0,1525.86,0.00,31.46,Car,4064.97,-1.60
120.00,90.00,2,e1_0,1482.50,0.00,31.36,Car,3995.20,-1.60
120.00,90.00,3,e1_0,1436.99,0.00,32.87,Car,3921.96,-1.60
120.00,90.00,4,e1_0,1390.66,0.00,33.31,Car,3847.39,-1.60
121.00,90.00,0,e1_0,1648.44,0.00,32.55,Car01,4262.25,-1.60
121.00,90.00,1,e1_0,1557.32,0.00,31.46,Car,4115.60,-1.60
121.00,90.00,2,e1_0,1513.87,0.00,31.37,Car,4045.68,-1.60
121.00,90.00,3,e1_0,1469.79,0.00,32.80,Car,3974.75,-1.60
121.00,90.00,4,e1_0,1423.96,0.00,33.30,Car,3900.99,-1.60
122.00,90.00,0,e1_0,1681.17,0.00,32.73,Car01,4314.92,-1.60
122.00,90.00,1,e1_0,1588.78,0.00,31.46,Car,4166.23,-1.60
122.00,90.00,2,e1_0,1545.26,0.00,31.39,Car,4096.20,-1.60
122.00,90.00,3,e1_0,1502.53,0.00,32.73,Car,4027.43,-1.60
122.00,90.00,4,e1_0,1457.25,0.00,33.29,Car,3954.56,-1.60
123.00,90.00,0,e1_0,1713.54,0.00,32.37,Car01,4367.01,-1.60
123.00,90.00,1,e1_0,1620.24,0.00,31.46,Car,4216.87,-1.60
123.00,90.00,2,e1_0,1576.66,0.00,31.40,Car,4146.73,-1.60
123.00,90.00,3,e1_0,1535.19,0.00,32.66,Car,4079.99,-1.60
123.00,90.00,4,e1_0,1490.53,0.00,33.27,Car,4008.11,-1.60
124.00,90.00,0,e1_0,1746.37,0.00,32.84,Car01,4419.86,-1.60
124.00,90.00,1,e1_0,1651.70,0.00,31.46,Car,4267.50,-1.60
124.00,90.00,2,e1_0,1608.08,0.00,31.42,Car,4197.29,-1.60
124.00,90.00,3,e1_0,1567.25,0.00,32.06,Car,4131.59,-1.60
124.00,90.00,4,e1_0,1523.77,0.00,33.25,Car,4061.62,-1.60
125.00,90.00,0,e1_0,1779.24,0.00,32.86,Car01,4472.74,-1.60
125.00,90.00,1,e1_0,1683.16,0.00,31.46,Car,4318.13,-1.60
125.00,90.00,2,e1_0,1639.51,0.00,31.43,Car,4247.88,-1.60
125.00,90.00,3,e1_0,1598.69,0.00,31.44,Car,4182.19,-1.60
125.00,90.00,4,e1_0,1556.96,0.00,33.19,Car,4115.03,-1.60
126.00,90.00,0,e1_0,1812.73,0.00,33.49,Car01,4526.65,-1.60
126.00,90.00,1,e1_0,1714.62,0.00,31.46,Car,4368.76,-1.60
126.00,90.00,2,e1_0,1670.95,0.00,31.44,Car,4298.48,-1.60
126.00,90.00,3,e1_0,1629.82,0.00,31.13,Car,4232.29,-1.60
126.00,90.00,4,e1_0,1589.41,0.00,32.44,Car,4167.24,-1.60
127.00,90.00,0,e1_0,1845.81,0.00,33.08,Car01,4579.89,-1.60
127.00,90.00,1,e1_0,1746.09,0.00,31.46,Car,4419.39,-1.60
127.00,90.00,2,e1_0,1702.41,0.00,31.46,Car,4349.11,-1.60
127.00,90.00,3,e1_0,1660.95,0.00,31.13,Car,4282.39,-1.60
127.00,90.00,4,e1_0,1620.83,0.00,31.43,Car,4217.82,-1.60
128.00,90.00,0,e1_0,1878.56,0.00,32.75,Car01,4632.59,-1.60
128.00,90.00,1,e1_0,1777.55,0.00,31.46,Car,4470.03,-1.60
128.00,90.00,2,e1_0,1733.88,0.00,31.47,Car,4399.75,-1.60
128.00,90.00,3,e1_0,1692.10,0.00,31.15,Car,4332.51,-1.60
128.00,90.00,4,e1_0,1651.61,0.00,30.77,Car,4267.35,-1.60
129.00,90.00,0,e1_0,1911.07,0.00,32.51,Car01,4684.91,-1.60
129.00,90.00,1,e1_0,1809.01,0.00,31.46,Car,4520.66,-1.60
129.00,90.00,2,e1_0,1765.36,0.00,31.48,Car,4450.41,-1.60
129.00,90.00,3,e1_0,1723.27,0.00,31.17,Car,4382.67,-1.60
129.00,90.00,4,e1_0,1682.24,0.00,30.63,Car,4316.65,-1.60
130.00,90.00,0,e1_0,1944.35,0.00,33.29,Car01,4738.48,-1.60
130.00,90.00,1,e1_0,1840.47,0.00,31.46,Car,4571.29,-1.60
130.00,90.00,2,e1_0,1796.85,0.00,31.49,Car,4501.09,-1.60
130.00,90.00,3,e1_0,1754.46,0.00,31.19,Car,4432.87,-1.60
130.00,90.00,4,e1_0,1712.90,0.00,30.66,Car,4365.98,-1.60
131.00,90.00,0,e1_0,1977.29,0.00,32.93,Car01,4791.47,-1.60
131.00,90.00,1,e1_0,1871.93,0.00,31.46,Car,4621.92,-1.60
131.00,90.00,2,e1_0,1828.35,0.00,31.50,Car,4551.78,-1.60
131.00,90.00,3,e1_0,1785.67,0.00,31.21,Car,4483.10,-1.60
131.00,90.00,4,e1_0,1743.58,0.00,30.69,Car,4415.37,-1.60
132.00,90.00,0,e2_0,9.69,0.00,32.50,Car01,4843.62,-1.60
132.00,90.00,1,e1_0,1903.39,0.00,31.46,Car,4672.56,-1.60
132.00,90.00,2,e1_0,1859.86,0.00,31.51,Car,4602.49,-1.60
132.00,90.00,3,e1_0,1816.90,0.00,31.23,Car,4533.36,-1.60
132.00,90.00,4,e1_0,1774.31,0.00,30.72,Car,4464.81,-1.60
133.00,90.00,0,e2_0,42.65,0.00,32.96,Car01,4896.66,-1.60
133.00,90.00,1,e1_0,1934.85,0.00,31.46,Car,4723.19,-1.60
133.00,90.00,2,e1_0,1891.38,0.00,31.52,Car,4653.22,-1.60
133.00,90.00,3,e1_0,1848.16,0.00,31.26,Car,4583.67,-1.60
133.00,90.00,4,e1_0,1805.06,0.00,30.76,Car,4514.31,-1.60
134.00,90.00,0,e2_0,75.53,0.00,32.88,Car01,4949.58,-1.60
134.00,90.00,1,e1_0,1966.32,0.00,31.46,Car,4773.82,-1.60
134.00,90.00,2,e1_0,1922.90,0.00,31.52,Car,4703.95,-1.60
134.00,90.00,3,e1_0,1879.44,0.00,31.28,Car,4634.01,-1.60
134.00,90.00,4,e1_0,1835.86,0.00,30.80,Car,4563.88,-1.60
135.00,90.00,0,e2_0,109.01,0.00,33.49,Car01,5003.47,-1.60
135.00,90.00,1,e1_0,1997.78,0.00,31.46,Car,4824.45,-1.60
135.00,90.00,2,e1_0,1954.43,0.00,31.53,Car,4754.69,-1.60
135.00,90.00,3,e1_0,1910.75,0.00,31.31,Car,4684.39,-1.60
135.00,90.00,4,e1_0,1866.70,0.00,30.84,Car,4613.50,-1.60
136.00,90.00,0,e2_0,141.67,0.00,32.66,Car01,5056.03,-1.60
136.00,90.00,1,e2_0,29.14,0.00,31.46,Car,4874.92,-1.60
136.00,90.00,2,e1_0,1985.97,0.00,31.54,Car,4805.45,-1.60
136.00,90.00,3,e1_0,1942.08,0.00,31.33,Car,4734.81,-1.60
136.00,90.00,4,e1_0,1897.58,0.00,30.88,Car,4663.20,-1.60
137.00,90.00,0,e2_0,174.02,0.00,32.35,Car01,5108.09,-1.60
137.00,90.00,1,e2_0,60.60,0.00,31.46,Car,4925.56,-1.60
137.00,90.00,2,e2_0,17.41,0.00,31.54,Car,4856.05,-1.60
137.00,90.00,3,e1_0,1973.43,0.00,31.35,Car,4785.27,-1.60
137.00,90.00,4,e1_0,1928.50,0.00,30.92,Car,4712.96,-1.60
138.00,90.00,0,e2_0,206.63,0.00,32.61,Car01,5160.57,-1.60
138.00,90.00,1,e2_0,92.06,0.00,31.46,Car,4976.19,-1.60
138.00,90.00,2,e2_0,48.96,0.00,31.55,Car,4906.82,-1.60
138.00,90.00,3,e2_0,4.71,0.00,31.38,Car,4835.61,-1.60
138.00,90.00,4,e1_0,1959.47,0.00,30.97,Car,4762.80,-1.60
139.00,90.00,0,e2_0,239.22,0.00,32.59,Car01,5213.01,-1.60
139.00,90.00,1,e2_0,123.52,0.00,31.46,Car,5026.82,-1.60
139.00,90.00,2,e2_0,80.51,0.00,31.55,Car,4957.60,-1.60
139.00,90.00,3,e2_0,36.11,0.00,31.40,Car,4886.15,-1.60
139.00,90.00,4,e1_0,1990.48,0.00,31.01,Car,4812.70,-1.60
140.00,90.00,0,e2_0,271.53,0.00,32.32,Car01,5265.02,-1.60
140.00,90.00,1,e2_0,154.98,0.00,31.46,Car,5077.45,-1.60
140.00,90.00,2,e2_0,112.06,0.00,31.55,Car,5008.38,-1.60
140.00,90.00,3,e2_0,67.54,0.00,31.43,Car,4936.73,-1.60
140.00,90.00,4,e2_0,21.43,0.00,31.06,Car,4862.52,-1.60
141.00,90.00,0,e2_0,304.21,0.00,32.68,Car01,5317.61,-1.60
141.00,90.00,1,e2_0,186.45,0.00,31.46,Car,5128.08,-1.60
141.00,90.00,2,e2_0,143.62,0.00,31.56,Car,5059.16,-1.60
141.00,90.00,3,e2_0,98.99,0.00,31.45,Car,4987.34,-1.60
141.00,90.00,4,e2_0,52.53,0.00,31.10,Car,4912.57,-1.60
142.00,90.00,0,e2_0,337.26,0.00,33.05,Car01,5370.79,-1.60
142.00,90.00,1,e2_0,217.91,0.00,31.46,Car,5178.72,-1.60
142.00,90.00,2,e2_0,175.18,0.00,31.56,Car,5109.95,-1.60
142.00,90.00,3,e2_0,130.46,0.00,31.47,Car,5037.99,-1.60
142.00,90.00,4,e2_0,83.68,0.00,31.15,Car,4962.70,-1.60
143.00,90.00,0,e2_0,369.56,0.00,32.30,Car01,5422.78,-1.60
143.00,90.00,1,e2_0,249.37,0.00,31.46,Car,5229.35,-1.60
143.00,90.00,2,e2_0,206.73,0.00,31.56,Car,5160.74,-1.60
143.00,90.00,3,e2_0,161.96,0.00,31.49,Car,5088.67,-1.60
143.00,90.00,4,e2_0,114.88,0.00,31.19,Car,5012.91,-1.60
144.00,90.00,0,e2_0,402.51,0.00,32.95,Car01,5475.80,-1.60
144.00,90.00,1,e2_0,280.83,0.00,31.46,Car,5279.98,-1.60
144.00,90.00,2,e2_0,238.29,0.00,31.56,Car,5211.53,-1.60
144.00,90.00,3,e2_0,193.47,0.00,31.51,Car,5139.39,-1.60
144.00,90.00,4,e2_0,146.12,0.00,31.24,Car,5063.18,-1.60
145.00,90.00,0,e2_0,435.19,0.00,32.68,Car01,5528.40,-1.60
145.00,90.00,1,e2_0,312.29,0.00,31.46,Car,5330.61,-1.60
145.00,90.00,2,e2_0,269.85,0.00,31.56,Car,5262.32,-1.60
145.00,90.00,3,e2_0,225.00,0.00,31.53,Car,5190.14,-1.60
145.00,90.00,4,e2_0,177.41,0.00,31.29,Car,5113.54,-1.60
146.00,90.00,0,e2_0,467.55,0.00,32.36,Car01,5580.48,-1.60
146.00,90.00,1,e2_0,343.75,0.00,31.46,Car,5381.24,-1.60
146.00,90.00,2,e2_0,301.41,0.00,31.56,Car,5313.11,-1.60
146.00,90.00,3,e2_0,256.56,0.00,31.55,Car,5240.92,-1.60
146.00,90.00,4,e2_0,208.74,0.00,31.33,Car,5163.96,-1.60
147.00,90.00,0,e2_0,500.24,0.00,32.69,Car01,5633.08,-1.60
147.00,90.00,1,e2_0,375.21,0.00,31.46,Car,5431.88,-1.60
147.00,90.00,2,e2_0,332.97,0.00,31.56,Car,5363.89,-1.60
147.00,90.00,3,e2_0,288.13,0.00,31.57,Car,5291.72,-1.60
147.00,90.00,4,e2_0,240.12,0.00,31.38,Car,5214.47,-1.60
148.00,90.00,0,e2_0,532.76,0.00,32.52,Car01,5685.43,-1.60
148.00,90.00,1,e2_0,406.67,0.00,31.46,Car,5482.51,-1.60
148.00,90.00,2,e2_0,364.53,0.00,31.56,Car,5414.68,-1.60
148.00,90.00,3,e2_0,319.71,0.00,31.59,Car,5342.56,-1.60
148.00,90.00,4,e2_0,271.55,0.00,31.42,Car,5265.04,-1.60
149.00,90.00,0,e2_0,565.11,0.00,32.35,Car01,5737.49,-1.60
149.00,90.00,1,e2_0,438.14,0.00,31.46,Car,5533.14,-1.60
149.00,90.00,2,e2_0,396.08,0.00,31.55,Car,5465.46,-1.60
149.00,90.00,3,e2_0,351.32,0.00,31.60,Car,5393.42,-1.60
149.00,90.00,4,e2_0,303.01,0.00,31.47,Car,5315.68,-1.60
150.00,90.00,0,e2_0,598.60,0.00,33.49,Car01,5791.38,-1.60
150.00,90.00,1,e2_0,469.60,0.00,31.46,Car,5583.77,-1.60
150.00,90.00,2,e2_0,427.63,0.00,31.55,Car,5516.24,-1.60
150.00,90.00,3,e2_0,382.93,0.00,31.62,Car,5444.30,-1.60
150.00,90.00,4,e2_0,334.53,0.00,31.51,Car,5366.40,-1.60
151.00,90.00,0,e2_0,631.24,0.00,32.64,Car01,5843.90,-1.60
151.00,90.00,1,e2_0,501.06,0.00,31.46,Car,5634.40,-1.60
151.00,90.00,2,e2_0,459.18,0.00,31.55,Car,5567.01,-1.60
151.00,90.00,3,e2_0,414.56,0.00,31.63,Car,5495.20,-1.60
151.00,90.00,4,e2_0,366.08,0.00,31.55,Car,5417.18,-1.60
152.00,90.00,0,e2_0,664.74,0.00,33.50,Car01,5897.82,-1.60
152.00,90.00,1,e2_0,532.52,0.00,31.46,Car,5685.04,-1.60
152.00,90.00,2,e2_0,490.73,0.00,31.55,Car,5617.78,-1.60
152.00,90.00,3,e2_0,446.20,0.00,31.64,Car,5546.12,-1.60
152.00,90.00,4,e2_0,397.67,0.00,31.59,Car,5468.02,-1.60
153.00,90.00,0,e2_0,697.79,0.00,33.05,Car01,5951.00,-1.60
153.00,90.00,1,e2_0,563.98,0.00,31.46,Car,5735.67,-1.60
153.00,90.00,2,e2_0,522.27,0.00,31.54,Car,5668.55,-1.60
153.00,90.00,3,e2_0,477.86,0.00,31.65,Car,5597.06,-1.60
153.00,90.00,4,e2_0,429.31,0.00,31.63,Car,5518.93,-1.60
154.00,90.00,0,e2_0,730.83,0.00,33.05,Car01,6004.18,-1.60
154.00,90.00,1,e2_0,595.44,0.00,31.46,Car,5786.30,-1.60
154.00,90.00,2,e2_0,553.89,0.00,31.62,Car,5719.43,-1.60
154.00,90.00,3,e2_0,509.52,0.00,31.66,Car,5648.02,-1.60
154.00,90.00,4,e2_0,460.98,0.00,31.67,Car,5569.90,-1.60
155.00,90.00,0,e2_0,763.98,0.00,33.15,Car01,6057.54,-1.60
155.00,90.00,1,e2_0,626.90,0.00,31.46,Car,5836.93,-1.60
155.00,90.00,2,e2_0,585.47,0.00,31.58,Car,5770.26,-1.60
155.00,90.00,3,e2_0,541.19,0.00,31.67,Car,5698.99,-1.60
155.00,90.00,4,e2_0,492.69,0.00,31.71,Car,5620.93,-1.60
156.00,90.00,0,e2_0,797.01,0.00,33.02,Car01,6110.68,-1.60
156.00,90.00,1,e2_0,658.37,0.00,31.46,Car,5887.57,-1.60
156.00,90.00,2,e2_0,616.98,0.00,31.51,Car,5820.96,-1.60
156.00,90.00,3,e2_0,572.87,0.00,31.68,Car,5749.97,-1.60
156.00,90.00,4,e2_0,524.43,0.00,31.74,Car,5672.01,-1.60
157.00,90.00,0,e2_0,829.61,0.00,32.61,Car01,6163.16,-1.60
157.00,90.00,1,e2_0,689.83,0.00,31.46,Car,5938.20,-1.60
157.00,90.00,2,e2_0,648.43,0.00,31.45,Car,5871.57,-1.60
157.00,90.00,3,e2_0,604.56,0.00,31.69,Car,5800.97,-1.60
157.00,90.00,4,e2_0,556.20,0.00,31.77,Car,5723.14,-1.60
158.00,90.00,0,e2_0,862.04,0.00,32.43,Car01,6215.35,-1.60
158.00,90.00,1,e2_0,721.29,0.00,31.46,Car,5988.83,-1.60
158.00,90.00,2,e2_0,679.85,0.00,31.42,Car,5922.14,-1.60
158.00,90.00,3,e2_0,636.24,0.00,31.68,Car,5851.96,-1.60
158.00,90.00,4,e2_0,588.00,0.00,31.80,Car,5774.33,-1.60
159.00,90.00,0,e2_0,894.66,0.00,32.62,Car01,6267.85,-1.60
159.00,90.00,1,e2_0,752.75,0.00,31.46,Car,6039.46,-1.60
159.00,90.00,2,e2_0,711.28,0.00,31.43,Car,5972.72,-1.60
159.00,90.00,3,e2_0,667.92,0.00,31.68,Car,5902.94,-1.60
159.00,90.00,4,e2_0,619.83,0.00,31.83,Car,5825.55,-1.60
160.00,90.00,0,e2_0,927.73,0.00,33.07,Car01,6321.06,-1.60
160.00,90.00,1,e2_0,784.21,0.00,31.46,Car,6090.09,-1.60
160.00,90.00,2,e2_0,742.73,0.00,31.45,Car,6023.33,-1.60
160.00,90.00,3,e2_0,699.60,0.00,31.68,Car,5953.92,-1.60
160.00,90.00,4,e2_0,651.69,0.00,31.86,Car,5876.82,-1.60
161.00,90.00,0,e2_0,960.26,0.00,32.53,Car01,6373.41,-1.60
161.00,90.00,1,e2_0,815.67,0.00,31.46,Car,6140.73,-1.60
161.00,90.00,2,e2_0,774.19,0.00,31.46,Car,6073.97,-1.60
161.00,90.00,3,e2_0,731.27,0.00,31.67,Car,6004.89,-1.60
161.00,90.00,4,e2_0,683.57,0.00,31.88,Car,5928.12,-1.60
162.00,90.00,0,e2_0,993.27,0.00,33.01,Car01,6426.54,-1.60
162.00,90.00,1,e2_0,847.13,0.00,31.46,Car,6191.36,-1.60
162.00,90.00,2,e2_0,805.66,0.00,31.47,Car,6124.62,-1.60
162.00,90.00,3,e2_0,762.94,0.00,31.67,Car,6055.86,-1.60
162.00,90.00,4,e2_0,715.47,0.00,31.90,Car,5979.46,-1.60
163.00,90.00,1,e2_0,878.60,0.00,31.46,Car,6241.99,-1.60
163.00,90.00,2,e2_0,837.14,0.00,31.47,Car,6175.27,-1.60
163.00,90.00,3,e2_0,794.60,0.00,31.66,Car,6106.81,-1.60
163.00,90.00,4,e2_0,747.38,0.00,31.92,Car,6030.82,-1.60
164.00,90.00,1,e2_0,910.06,0.00,31.46,Car,6292.62,-1.60
164.00,90.00,2,e2_0,868.60,0.00,31.47,Car,6225.90,-1.60
164.00,90.00,3,e2_0,826.26,0.00,31.66,Car,6157.76,-1.60
164.00,90.00,4,e2_0,779.31,0.00,31.93,Car,6082.21,-1.60
165.00,90.00,1,e2_0,941.52,0.00,31.46,Car,6343.25,-1.60
165.00,90.00,2,e2_0,900.06,0.00,31.46,Car,6276.54,-1.60
165.00,90.00,3,e2_0,857.91,0.00,31.65,Car,6208.70,-1.60
165.00,90.00,4,e2_0,811.26,0.00,31.94,Car,6133.62,-1.60
166.00,90.00,1,e2_0,972.98,0.00,31.46,Car,6393.89,-1.60
166.00,90.00,2,e2_0,931.52,0.00,31.46,Car,6327.16,-1.60
166.00,90.00,3,e2_0,889.56,0.00,31.64,Car,6259.63,-1.60
166.00,90.00,4,e2_0,843.21,0.00,31.95,Car,6185.04,-1.60
167.00,90.00,2,e2_0,962.98,0.00,31.46,Car,6377.79,-1.60
167.00,90.00,3,e2_0,921.19,0.00,31.64,Car,6310.54,-1.60
167.00,90.00,4,e2_0,875.17,0.00,31.96,Car,6236.47,-1.60
168.00,90.00,2,e2_0,996.51,0.00,33.53,Car,6431.75,-1.60
168.00,90.00,3,e2_0,952.89,0.00,31.70,Car,6361.56,-1.60
168.00,90.00,4,e2_0,907.13,0.00,31.96,Car,6287.91,-1.60
169.00,90.00,3,e2_0,984.70,0.00,31.81,Car,6412.75,-1.60
169.00,90.00,4,e2_0,939.10,0.00,31.97,Car,6339.36,-1.60
170.00,90.00,4,e2_0,971.08,0.00,31.98,Car,6390.83,-1.60
171.00,,,,,,,,,
