timestep_time,vehicle_acceleration,vehicle_angle,vehicle_id,vehicle_lane,vehicle_pos,vehicle_slope,vehicle_speed,vehicle_type,vehicle_x,vehicle_y
0.00,0.00,90.00,0,e0_0,5.10,0.00,0.00,Car,5.10,-1.60
1.00,2.60,90.00,0,e0_0,7.70,0.00,2.60,Car,7.70,-1.60
2.00,2.60,90.00,0,e0_0,12.90,0.00,5.20,Car,12.90,-1.60
2.00,0.00,90.00,1,e0_0,5.10,0.00,0.00,Car,5.10,-1.60
3.00,2.60,90.00,0,e0_0,20.70,0.00,7.80,Car,20.70,-1.60
3.00,1.30,90.00,1,e0_0,6.40,0.00,1.30,Car,6.40,-1.60
4.00,2.60,90.00,0,e0_0,31.10,0.00,10.40,Car,31.10,-1.60
4.00,2.60,90.00,1,e0_0,10.30,0.00,3.90,Car,10.30,-1.60
5.00,2.60,90.00,0,e0_0,44.10,0.00,13.00,Car,44.10,-1.60
5.00,2.60,90.00,1,e0_0,16.80,0.00,6.50,Car,16.80,-1.60
5.00,0.00,90.00,2,e0_0,5.10,0.00,0.00,Car,5.10,-1.60
6.00,2.60,90.00,0,e0_0,59.70,0.00,15.60,Car,59.70,-1.60
6.00,2.60,90.00,1,e0_0,25.90,0.00,9.10,Car,25.90,-1.60
6.00,2.60,90.00,2,e0_0,7.70,0.00,2.60,Car,7.70,-1.60
7.00,2.60,90.00,0,e0_0,77.90,0.00,18.20,Car,77.90,-1.60
7.00,2.60,90.00,1,e0_0,37.59,0.00,11.70,Car,37.59,-1.60
7.00,2.60,90.00,2,e0_0,12.90,0.00,5.20,Car,12.90,-1.60
7.00,0.00,90.00,3,e0_0,5.10,0.00,0.00,Car,5.10,-1.60
8.00,2.60,90.00,0,e0_0,98.70,0.00,20.80,Car,98.70,-1.60
8.00,2.60,90.00,1,e0_0,51.89,0.00,14.30,Car,51.89,-1.60
8.00,2.60,90.00,2,e0_0,20.70,0.00,7.80,Car,20.70,-1.60
8.00,1.30,90.00,3,e0_0,6.40,0.00,1.30,Car,6.40,-1.60
9.00,2.60,90.00,0,e0_0,122.10,0.00,23.40,Car,122.10,-1.60
9.00,2.60,90.00,1,e0_0,68.79,0.00,16.90,Car,68.79,-1.60
9.00,2.60,90.00,2,e0_0,31.10,0.00,10.40,Car,31.10,-1.60
9.00,2.60,90.00,3,e0_0,10.30,0.00,3.90,Car,10.30,-1.60
10.00,2.60,90.00,0,e0_0,148.10,0.00,26.00,Car,148.10,-1.60
10.00,2.60,90.00,1,e0_0,88.29,0.00,19.50,Car,88.29,-1.60
10.00,2.60,90.00,2,e0_0,44.10,0.00,13.00,Car,44.10,-1.60
10.00,2.60,90.00,3,e0_0,16.80,0.00,6.50,Car,16.80,-1.60
10.00,0.00,90.00,4,e0_0,5.10,0.00,0.00,Car,5.10,-1.60
11.00,2.60,90.00,0,e0_0,176.70,0.00,28.60,Car,176.70,-1.60
11.00,2.60,90.00,1,e0_0,110.39,0.00,22.10,Car,110.39,-1.60
11.00,2.60,90.00,2,e0_0,59.70,0.00,15.60,Car,59.70,-1.60
11.00,2.60,90.00,3,e0_0,25.90,0.00,9.10,Car,25.90,-1.60
11.00,2.60,90.00,4,e0_0,7.70,0.00,2.60,Car,7.70,-1.60
12.00,2.60,90.00,0,e0_0,207.90,0.00,31.20,Car,207.90,-1.60
12.00,2.60,90.00,1,e0_0,135.09,0.00,24.70,Car,135.09,-1.60
12.00,2.60,90.00,2,e0_0,77.90,0.00,18.20,Car,77.90,-1.60
12.00,2.60,90.00,3,e0_0,37.59,0.00,11.70,Car,37.59,-1.60
12.00,2.60,90.00,4,e0_0,12.90,0.00,5.20,Car,12.90,-1.60
13.00,2.33,90.00,0,e0_0,241.43,0.00,33.53,Car,241.43,-1.60
13.00,2.60,90.00,1,e0_0,162.39,0.00,27.30,Car,162.39,-1.60
13.00,2.60,90.00,2,e0_0,98.70,0.00,20.80,Car,98.70,-1.60
13.00,2.60,90.00,3,e0_0,51.89,0.00,14.30,Car,51.89,-1.60
13.00,2.60,90.00,4,e0_0,20.70,0.00,7.80,Car,20.70,-1.60
14.00,0.00,90.00,0,e0_0,274.96,0.00,33.53,Car,274.96,-1.60
14.00,1.66,90.00,1,e0_0,191.35,0.00,28.96,Car,191.35,-1.60
14.00,2.60,90.00,2,e0_0,122.10,0.00,23.40,Car,122.10,-1.60
14.00,2.60,90.00,3,e0_0,68.79,0.00,16.90,Car,68.79,-1.60
14.00,2.60,90.00,4,e0_0,31.10,0.00,10.40,Car,31.10,-1.60
15.00,0.00,90.00,0,e0_0,308.48,0.00,33.53,Car,308.48,-1.60
15.00,1.00,90.00,1,e0_0,221.32,0.00,29.96,Car,221.32,-1.60
15.00,2.60,90.00,2,e0_0,148.10,0.00,26.00,Car,148.10,-1.60
15.00,2.60,90.00,3,e0_0,88.29,0.00,19.50,Car,88.29,-1.60
15.00,2.60,90.00,4,e0_0,44.10,0.00,13.00,Car,44.10,-1.60
16.00,0.00,90.00,0,e0_0,342.01,0.00,33.53,Car,342.01,-1.60
16.00,0.60,90.00,1,e0_0,251.88,0.00,30.56,Car,251.88,-1.60
16.00,2.60,90.00,2,e0_0,176.70,0.00,28.60,Car,176.70,-1.60
16.00,2.60,90.00,3,e0_0,110.39,0.00,22.10,Car,110.39,-1.60
16.00,2.60,90.00,4,e0_0,59.70,0.00,15.60,Car,59.70,-1.60
17.00,0.00,90.00,0,e0_0,375.54,0.00,33.53,Car,375.54,-1.60
17.00,0.36,90.00,1,e0_0,282.80,0.00,30.92,Car,282.80,-1.60
17.00,1.97,90.00,2,e0_0,207.27,0.00,30.57,Car,207.27,-1.60
17.00,2.60,90.00,3,e0_0,135.09,0.00,24.70,Car,135.09,-1.60
17.00,2.60,90.00,4,e0_0,77.90,0.00,18.20,Car,77.90,-1.60
18.00,0.00,90.00,0,e0_0,409.07,0.00,33.53,Car,409.07,-1.60
18.00,0.22,90.00,1,e0_0,313.94,0.00,31.14,Car,313.94,-1.60
18.00,1.18,90.00,2,e0_0,239.03,0.00,31.75,Car,239.03,-1.60
18.00,2.60,90.00,3,e0_0,162.39,0.00,27.30,Car,162.39,-1.60
18.00,2.60,90.00,4,e0_0,98.70,0.00,20.80,Car,98.70,-1.60
19.00,0.00,90.00,0,e0_0,442.60,0.00,33.53,Car,442.60,-1.60
19.00,0.13,90.00,1,e0_0,345.21,0.00,31.27,Car,345.21,-1.60
19.00,0.71,90.00,2,e0_0,271.49,0.00,32.46,Car,271.49,-1.60
19.00,2.49,90.00,3,e0_0,192.18,0.00,29.79,Car,192.18,-1.60
19.00,2.60,90.00,4,e0_0,122.10,0.00,23.40,Car,122.10,-1.60
20.00,0.00,90.00,0,e0_0,476.12,0.00,33.53,Car,476.12,-1.60
20.00,0.08,90.00,1,e0_0,376.55,0.00,31.34,Car,376.55,-1.60
20.00,0.43,90.00,2,e0_0,304.38,0.00,32.89,Car,304.38,-1.60
20.00,1.49,90.00,3,e0_0,223.47,0.00,31.29,Car,223.47,-1.60
20.00,2.60,90.00,4,e0_0,148.10,0.00,26.00,Car,148.10,-1.60
21.00,0.00,90.00,0,e0_0,509.65,0.00,33.53,Car,509.65,-1.60
21.00,0.05,90.00,1,e0_0,407.94,0.00,31.39,Car,407.94,-1.60
21.00,0.26,90.00,2,e0_0,337.52,0.00,33.14,Car,337.52,-1.60
21.00,0.90,90.00,3,e0_0,255.65,0.00,32.18,Car,255.65,-1.60
21.00,2.60,90.00,4,e0_0,176.70,0.00,28.60,Car,176.70,-1.60
22.00,0.00,90.00,0,e0_0,543.18,0.00,33.53,Car,543.18,-1.60
22.00,0.03,90.00,1,e0_0,439.36,0.00,31.42,Car,439.36,-1.60
22.00,0.15,90.00,2,e0_0,370.82,0.00,33.30,Car,370.82,-1.60
22.00,0.54,90.00,3,e0_0,288.37,0.00,32.72,Car,288.37,-1.60
22.00,1.97,90.00,4,e0_0,207.27,0.00,30.57,Car,207.27,-1.60
23.00,0.00,90.00,0,e0_0,576.71,0.00,33.53,Car,576.71,-1.60
23.00,0.02,90.00,1,e0_0,470.80,0.00,31.44,Car,470.80,-1.60
23.00,0.09,90.00,2,e0_0,404.21,0.00,33.39,Car,404.21,-1.60
23.00,0.32,90.00,3,e0_0,321.41,0.00,33.04,Car,321.41,-1.60
23.00,1.18,90.00,4,e0_0,239.03,0.00,31.75,Car,239.03,-1.60
24.00,0.00,90.00,0,e0_0,610.24,0.00,33.53,Car,610.24,-1.60
24.00,0.01,90.00,1,e0_0,502.24,0.00,31.45,Car,502.24,-1.60
24.00,0.06,90.00,2,e0_0,437.66,0.00,33.45,Car,437.66,-1.60
24.00,0.19,90.00,3,e0_0,354.65,0.00,33.24,Car,354.65,-1.60
24.00,0.71,90.00,4,e0_0,271.49,0.00,32.46,Car,271.49,-1.60
25.00,0.00,90.00,0,e0_0,643.76,0.00,33.53,Car,643.76,-1.60
25.00,0.01,90.00,1,e0_0,533.70,0.00,31.45,Car,533.70,-1.60
25.00,0.03,90.00,2,e0_0,471.13,0.00,33.48,Car,471.13,-1.60
25.00,0.12,90.00,3,e0_0,388.00,0.00,33.35,Car,388.00,-1.60
25.00,0.43,90.00,4,e0_0,304.38,0.00,32.89,Car,304.38,-1.60
26.00,0.00,90.00,0,e0_0,677.29,0.00,33.53,Car,677.29,-1.60
26.00,0.00,90.00,1,e0_0,565.15,0.00,31.46,Car,565.15,-1.60
26.00,0.02,90.00,2,e0_0,504.63,0.00,33.50,Car,504.63,-1.60
26.00,0.07,90.00,3,e0_0,421.43,0.00,33.42,Car,421.43,-1.60
26.00,0.26,90.00,4,e0_0,337.52,0.00,33.14,Car,337.52,-1.60
27.00,0.00,90.00,0,e0_0,710.82,0.00,33.53,Car,710.82,-1.60
27.00,0.00,90.00,1,e0_0,596.61,0.00,31.46,Car,596.61,-1.60
27.00,0.01,90.00,2,e0_0,538.14,0.00,33.51,Car,538.14,-1.60
27.00,0.04,90.00,3,e0_0,454.89,0.00,33.47,Car,454.89,-1.60
27.00,0.15,90.00,4,e0_0,370.82,0.00,33.30,Car,370.82,-1.60
28.00,0.00,90.00,0,e0_0,744.35,0.00,33.53,Car,744.35,-1.60
28.00,0.00,90.00,1,e0_0,628.07,0.00,31.46,Car,628.07,-1.60
28.00,0.01,90.00,2,e0_0,571.66,0.00,33.52,Car,571.66,-1.60
28.00,0.03,90.00,3,e0_0,488.38,0.00,33.49,Car,488.38,-1.60
28.00,0.09,90.00,4,e0_0,404.21,0.00,33.39,Car,404.21,-1.60
29.00,0.00,90.00,0,e0_0,777.88,0.00,33.53,Car,777.88,-1.60
29.00,0.00,90.00,1,e0_0,659.53,0.00,31.46,Car,659.53,-1.60
29.00,-0.04,90.00,2,e0_0,605.14,0.00,33.48,Car,605.14,-1.60
29.00,0.02,90.00,3,e0_0,521.89,0.00,33.51,Car,521.89,-1.60
29.00,0.06,90.00,4,e0_0,437.66,0.00,33.45,Car,437.66,-1.60
30.00,0.00,90.00,0,e0_0,811.40,0.00,33.53,Car,811.40,-1.60
30.00,0.00,90.00,1,e0_0,690.99,0.00,31.46,Car,690.99,-1.60
30.00,-0.05,90.00,2,e0_0,638.57,0.00,33.43,Car,638.57,-1.60
30.00,0.01,90.00,3,e0_0,555.40,0.00,33.51,Car,555.40,-1.60
30.00,0.03,90.00,4,e0_0,471.13,0.00,33.48,Car,471.13,-1.60
31.00,0.00,90.00,0,e0_0,844.93,0.00,33.53,Car,844.93,-1.60
31.00,0.00,90.00,1,e0_0,722.45,0.00,31.46,Car,722.45,-1.60
31.00,-0.06,90.00,2,e0_0,671.95,0.00,33.37,Car,671.95,-1.60
31.00,0.01,90.00,3,e0_0,588.92,0.00,33.52,Car,588.92,-1.60
31.00,0.02,90.00,4,e0_0,504.63,0.00,33.50,Car,504.63,-1.60
32.00,0.00,90.00,0,e0_0,878.46,0.00,33.53,Car,878.46,-1.60
32.00,0.00,90.00,1,e0_0,753.91,0.00,31.46,Car,753.91,-1.60
32.00,-0.06,90.00,2,e0_0,705.26,0.00,33.31,Car,705.26,-1.60
32.00,0.00,90.00,3,e0_0,622.44,0.00,33.52,Car,622.44,-1.60
32.00,0.01,90.00,4,e0_0,538.14,0.00,33.51,Car,538.14,-1.60
33.00,0.00,90.00,0,e0_0,911.99,0.00,33.53,Car,911.99,-1.60
33.00,0.00,90.00,1,e0_0,785.37,0.00,31.46,Car,785.37,-1.60
33.00,-0.07,90.00,2,e0_0,738.50,0.00,33.24,Car,738.50,-1.60
33.00,0.00,90.00,3,e0_0,655.97,0.00,33.53,Car,655.97,-1.60
33.00,0.01,90.00,4,e0_0,571.66,0.00,33.52,Car,571.66,-1.60
34.00,0.00,90.00,0,e0_0,945.52,0.00,33.53,Car,945.52,-1.60
34.00,0.00,90.00,1,e0_0,816.83,0.00,31.46,Car,816.83,-1.60
34.00,-0.07,90.00,2,e0_0,771.67,0.00,33.17,Car,771.67,-1.60
34.00,0.00,90.00,3,e0_0,689.50,0.00,33.53,Car,689.50,-1.60
34.00,0.00,90.00,4,e0_0,605.18,0.00,33.52,Car,605.18,-1.60
35.00,0.00,90.00,0,e0_0,979.04,0.00,33.53,Car,979.04,-1.60
35.00,0.00,90.00,1,e0_0,848.30,0.00,31.46,Car,848.30,-1.60
35.00,-0.08,90.00,2,e0_0,804.76,0.00,33.09,Car,804.76,-1.60
35.00,0.00,90.00,3,e0_0,723.02,0.00,33.53,Car,723.02,-1.60
35.00,0.00,90.00,4,e0_0,638.71,0.00,33.52,Car,638.71,-1.60
36.00,0.00,90.00,0,e0_0,1012.57,0.00,33.53,Car,1012.57,-1.60
36.00,0.00,90.00,1,e0_0,879.76,0.00,31.46,Car,879.76,-1.60
36.00,-0.08,90.00,2,e0_0,837.77,0.00,33.01,Car,837.77,-1.60
36.00,0.00,90.00,3,e0_0,756.55,0.00,33.53,Car,756.55,-1.60
36.00,0.00,90.00,4,e0_0,672.23,0.00,33.53,Car,672.23,-1.60
37.00,0.00,90.00,0,e0_0,1046.10,0.00,33.53,Car,1046.10,-1.60
37.00,0.00,90.00,1,e0_0,911.22,0.00,31.46,Car,911.22,-1.60
37.00,-0.54,90.00,2,e0_0,870.23,0.00,32.47,Car,870.23,-1.60
37.00,0.00,90.00,3,e0_0,790.08,0.00,33.53,Car,790.08,-1.60
37.00,0.00,90.00,4,e0_0,705.76,0.00,33.53,Car,705.76,-1.60
38.00,0.00,90.00,0,e0_0,1079.63,0.00,33.53,Car,1079.63,-1.60
38.00,0.00,90.00,1,e0_0,942.68,0.00,31.46,Car,942.68,-1.60
38.00,-0.74,90.00,2,e0_0,901.96,0.00,31.72,Car,901.96,-1.60
38.00,0.00,90.00,3,e0_0,823.61,0.00,33.53,Car,823.61,-1.60
38.00,0.00,90.00,4,e0_0,739.29,0.00,33.53,Car,739.29,-1.60
39.00,0.00,90.00,0,e0_0,1113.16,0.00,33.53,Car,1113.16,-1.60
39.00,0.00,90.00,1,e0_0,974.14,0.00,31.46,Car,974.14,-1.60
39.00,-0.50,90.00,2,e0_0,933.18,0.00,31.22,Car,933.18,-1.60
39.00,0.00,90.00,3,e0_0,857.13,0.00,33.53,Car,857.13,-1.60
39.00,0.00,90.00,4,e0_0,772.81,0.00,33.53,Car,772.81,-1.60
40.00,0.00,90.00,0,e0_0,1146.68,0.00,33.53,Car,1146.68,-1.60
40.00,0.00,90.00,1,e0_0,1005.60,0.00,31.46,Car,1005.60,-1.60
40.00,-0.13,90.00,2,e0_0,964.27,0.00,31.09,Car,964.27,-1.60
40.00,0.00,90.00,3,e0_0,890.66,0.00,33.53,Car,890.66,-1.60
40.00,0.00,90.00,4,e0_0,806.34,0.00,33.53,Car,806.34,-1.60
41.00,0.00,90.00,0,e0_0,1180.21,0.00,33.53,Car,1180.21,-1.60
41.00,0.00,90.00,1,e0_0,1037.06,0.00,31.46,Car,1037.06,-1.60
41.00,0.01,90.00,2,e0_0,995.38,0.00,31.11,Car,995.38,-1.60
41.00,0.00,90.00,3,e0_0,924.19,0.00,33.53,Car,924.19,-1.60
41.00,0.00,90.00,4,e0_0,839.87,0.00,33.53,Car,839.87,-1.60
42.00,0.00,90.00,0,e0_0,1213.74,0.00,33.53,Car,1213.74,-1.60
42.00,0.00,90.00,1,e0_0,1068.53,0.00,31.46,Car,1068.53,-1.60
42.00,0.02,90.00,2,e0_0,1026.50,0.00,31.13,Car,1026.50,-1.60
42.00,0.00,90.00,3,e0_0,957.72,0.00,33.53,Car,957.72,-1.60
42.00,0.00,90.00,4,e0_0,873.40,0.00,33.53,Car,873.40,-1.60
43.00,0.00,90.00,0,e0_0,1247.27,0.00,33.53,Car,1247.27,-1.60
43.00,0.00,90.00,1,e0_0,1099.99,0.00,31.46,Car,1099.99,-1.60
43.00,0.02,90.00,2,e0_0,1057.65,0.00,31.15,Car,1057.65,-1.60
43.00,0.00,90.00,3,e0_0,991.25,0.00,33.53,Car,991.25,-1.60
43.00,0.00,90.00,4,e0_0,906.92,0.00,33.53,Car,906.92,-1.60
44.00,0.00,90.00,0,e0_0,1280.80,0.00,33.53,Car,1280.80,-1.60
44.00,0.00,90.00,1,e0_0,1131.45,0.00,31.46,Car,1131.45,-1.60
44.00,0.02,90.00,2,e0_0,1088.82,0.00,31.17,Car,1088.82,-1.60
44.00,0.00,90.00,3,e0_0,1024.77,0.00,33.53,Car,1024.77,-1.60
44.00,0.00,90.00,4,e0_0,940.45,0.00,33.53,Car,940.45,-1.60
45.00,0.00,90.00,0,e0_0,1314.32,0.00,33.53,Car,1314.32,-1.60
45.00,0.00,90.00,1,e0_0,1162.91,0.00,31.46,Car,1162.91,-1.60
45.00,0.02,90.00,2,e0_0,1120.02,0.00,31.19,Car,1120.02,-1.60
45.00,0.00,90.00,3,e0_0,1058.30,0.00,33.53,Car,1058.30,-1.60
45.00,0.00,90.00,4,e0_0,973.98,0.00,33.53,Car,973.98,-1.60
46.00,0.00,90.00,0,e0_0,1347.85,0.00,33.53,Car,1347.85,-1.60
46.00,0.00,90.00,1,e0_0,1194.37,0.00,31.46,Car,1194.37,-1.60
46.00,0.02,90.00,2,e0_0,1151.24,0.00,31.22,Car,1151.24,-1.60
46.00,0.00,90.00,3,e0_0,1091.83,0.00,33.53,Car,1091.83,-1.60
46.00,0.00,90.00,4,e0_0,1007.51,0.00,33.53,Car,1007.51,-1.60
47.00,0.00,90.00,0,e0_0,1381.38,0.00,33.53,Car,1381.38,-1.60
47.00,0.00,90.00,1,e0_0,1225.83,0.00,31.46,Car,1225.83,-1.60
47.00,0.02,90.00,2,e0_0,1182.48,0.00,31.24,Car,1182.48,-1.60
47.00,0.00,90.00,3,e0_0,1125.36,0.00,33.53,Car,1125.36,-1.60
47.00,0.00,90.00,4,e0_0,1041.04,0.00,33.53,Car,1041.04,-1.60
48.00,0.00,90.00,0,e0_0,1414.91,0.00,33.53,Car,1414.91,-1.60
48.00,0.00,90.00,1,e0_0,1257.29,0.00,31.46,Car,1257.29,-1.60
48.00,0.02,90.00,2,e0_0,1213.74,0.00,31.26,Car,1213.74,-1.60
48.00,-0.05,90.00,3,e0_0,1158.84,0.00,33.48,Car,1158.84,-1.60
48.00,0.00,90.00,4,e0_0,1074.56,0.00,33.53,Car,1074.56,-1.60
49.00,0.00,90.00,0,e0_0,1448.44,0.00,33.53,Car,1448.44,-1.60
49.00,0.00,90.00,1,e0_0,1288.76,0.00,31.46,Car,1288.76,-1.60
49.00,0.02,90.00,2,e0_0,1245.02,0.00,31.29,Car,1245.02,-1.60
49.00,-0.06,90.00,3,e0_0,1192.26,0.00,33.43,Car,1192.26,-1.60
49.00,0.00,90.00,4,e0_0,1108.09,0.00,33.53,Car,1108.09,-1.60
50.00,0.00,90.00,0,e0_0,1481.96,0.00,33.53,Car,1481.96,-1.60
50.00,0.00,90.00,1,e0_0,1320.22,0.00,31.46,Car,1320.22,-1.60
50.00,0.02,90.00,2,e0_0,1276.33,0.00,31.31,Car,1276.33,-1.60
50.00,-0.06,90.00,3,e0_0,1225.63,0.00,33.36,Car,1225.63,-1.60
50.00,0.00,90.00,4,e0_0,1141.62,0.00,33.53,Car,1141.62,-1.60
51.00,0.00,90.00,0,e0_0,1515.49,0.00,33.53,Car,1515.49,-1.60
51.00,0.00,90.00,1,e0_0,1351.68,0.00,31.46,Car,1351.68,-1.60
51.00,0.02,90.00,2,e0_0,1307.66,0.00,31.33,Car,1307.66,-1.60
51.00,-0.07,90.00,3,e0_0,1258.92,0.00,33.29,Car,1258.92,-1.60
51.00,0.00,90.00,4,e0_0,1175.15,0.00,33.53,Car,1175.15,-1.60
52.00,0.00,90.00,0,e0_0,1549.02,0.00,33.53,Car,1549.02,-1.60
52.00,0.00,90.00,1,e0_0,1383.14,0.00,31.46,Car,1383.14,-1.60
52.00,0.02,90.00,2,e0_0,1339.01,0.00,31.35,Car,1339.01,-1.60
52.00,-0.07,90.00,3,e0_0,1292.14,0.00,33.22,Car,1292.14,-1.60
52.00,0.00,90.00,4,e0_0,1208.68,0.00,33.53,Car,1208.68,-1.60
53.00,0.00,90.00,0,e0_0,1582.55,0.00,33.53,Car,1582.55,-1.60
53.00,0.00,90.00,1,e0_0,1414.60,0.00,31.46,Car,1414.60,-1.60
53.00,0.02,90.00,2,e0_0,1370.38,0.00,31.37,Car,1370.38,-1.60
53.00,-0.08,90.00,3,e0_0,1325.28,0.00,33.14,Car,1325.28,-1.60
53.00,0.00,90.00,4,e0_0,1242.20,0.00,33.53,Car,1242.20,-1.60
54.00,0.00,90.00,0,e1_0,6.64,0.00,33.53,Car,1620.02,-1.60
54.00,0.00,90.00,1,e0_0,1446.06,0.00,31.46,Car,1446.06,-1.60
54.00,0.02,90.00,2,e0_0,1401.77,0.00,31.39,Car,1401.77,-1.60
54.00,-0.08,90.00,3,e0_0,1358.34,0.00,33.06,Car,1358.34,-1.60
54.00,0.00,90.00,4,e0_0,1275.73,0.00,33.53,Car,1275.73,-1.60
55.00,0.00,90.00,0,e1_0,40.16,0.00,33.53,Car,1673.98,-1.60
55.00,0.00,90.00,1,e0_0,1477.52,0.00,31.46,Car,1477.52,-1.60
55.00,0.02,90.00,2,e0_0,1433.18,0.00,31.41,Car,1433.18,-1.60
55.00,-0.09,90.00,3,e0_0,1391.31,0.00,32.97,Car,1391.31,-1.60
55.00,0.00,90.00,4,e0_0,1309.26,0.00,33.53,Car,1309.26,-1.60
56.00,0.00,90.00,0,e1_0,73.69,0.00,33.53,Car,1727.94,-1.60
56.00,0.00,90.00,1,e0_0,1508.99,0.00,31.46,Car,1508.99,-1.60
56.00,0.02,90.00,2,e0_0,1464.61,0.00,31.43,Car,1464.61,-1.60
56.00,-0.58,90.00,3,e0_0,1423.70,0.00,32.40,Car,1423.70,-1.60
56.00,0.00,90.00,4,e0_0,1342.79,0.00,33.53,Car,1342.79,-1.60
57.00,0.00,90.00,0,e1_0,107.22,0.00,33.53,Car,1781.89,-1.60
57.00,0.00,90.00,1,e0_0,1540.45,0.00,31.46,Car,1540.45,-1.60
57.00,0.02,90.00,2,e0_0,1496.06,0.00,31.45,Car,1496.06,-1.60
57.00,-0.75,90.00,3,e0_0,1455.35,0.00,31.65,Car,1455.35,-1.60
57.00,0.00,90.00,4,e0_0,1376.32,0.00,33.53,Car,1376.32,-1.60
58.00,0.00,90.00,0,e1_0,140.75,0.00,33.53,Car,1835.85,-1.60
58.00,0.00,90.00,1,e0_0,1571.91,0.00,31.46,Car,1571.91,-1.60
58.00,0.02,90.00,2,e0_0,1527.52,0.00,31.46,Car,1527.52,-1.60
58.00,-0.47,90.00,3,e0_0,1486.53,0.00,31.18,Car,1486.53,-1.60
58.00,0.00,90.00,4,e0_0,1409.84,0.00,33.53,Car,1409.84,-1.60
59.00,0.00,90.00,0,e1_0,174.28,0.00,33.53,Car,1889.81,-1.60
59.00,0.00,90.00,1,e0_0,1603.37,0.00,31.46,Car,1603.37,-1.60
59.00,0.02,90.00,2,e0_0,1559.00,0.00,31.48,Car,1559.00,-1.60
59.00,-0.09,90.00,3,e0_0,1517.61,0.00,31.08,Car,1517.61,-1.60
59.00,0.00,90.00,4,e0_0,1443.37,0.00,33.53,Car,1443.37,-1.60
60.00,0.00,90.00,0,e1_0,207.80,0.00,33.53,Car,1943.77,-1.60
60.00,0.00,90.00,1,e1_0,25.39,0.00,31.46,Car,1650.20,-1.60
60.00,0.01,90.00,2,e0_0,1590.49,0.00,31.49,Car,1590.49,-1.60
60.00,0.02,90.00,3,e0_0,1548.71,0.00,31.10,Car,1548.71,-1.60
60.00,0.00,90.00,4,e0_0,1476.90,0.00,33.53,Car,1476.90,-1.60
61.00,-3.35,90.00,0,e1_0,237.98,0.00,30.18,Car,1992.33,-1.60
61.00,0.00,90.00,1,e1_0,56.85,0.00,31.46,Car,1700.84,-1.60
61.00,0.01,90.00,2,e1_0,12.55,0.00,31.51,Car,1629.54,-1.60
61.00,0.02,90.00,3,e0_0,1579.83,0.00,31.12,Car,1579.83,-1.60
61.00,0.00,90.00,4,e0_0,1510.43,0.00,33.53,Car,1510.43,-1.60
62.00,-3.35,90.00,0,e1_0,264.80,0.00,26.82,Car,2035.50,-1.60
62.00,0.00,90.00,1,e1_0,88.31,0.00,31.46,Car,1751.47,-1.60
62.00,0.01,90.00,2,e1_0,44.07,0.00,31.52,Car,1680.26,-1.60
62.00,0.03,90.00,3,e1_0,1.54,0.00,31.15,Car,1611.82,-1.60
62.00,0.00,90.00,4,e0_0,1543.96,0.00,33.53,Car,1543.96,-1.60
63.00,-3.35,90.00,0,e1_0,288.27,0.00,23.47,Car,2073.27,-1.60
63.00,0.00,90.00,1,e1_0,119.78,0.00,31.46,Car,1802.10,-1.60
63.00,0.01,90.00,2,e1_0,75.60,0.00,31.53,Car,1731.00,-1.60
63.00,0.03,90.00,3,e1_0,32.72,0.00,31.18,Car,1662.00,-1.60
63.00,0.00,90.00,4,e0_0,1577.48,0.00,33.53,Car,1577.48,-1.60
64.00,-3.35,90.00,0,e1_0,308.39,0.00,20.12,Car,2105.64,-1.60
64.00,0.00,90.00,1,e1_0,151.24,0.00,31.46,Car,1852.73,-1.60
64.00,0.01,90.00,2,e1_0,107.14,0.00,31.54,Car,1781.76,-1.60
64.00,0.03,90.00,3,e1_0,63.92,0.00,31.20,Car,1712.21,-1.60
64.00,0.00,90.00,4,e1_0,1.57,0.00,33.53,Car,1611.87,-1.60
65.00,-3.35,90.00,0,e1_0,325.15,0.00,16.76,Car,2132.62,-1.60
65.00,0.00,90.00,1,e1_0,182.70,0.00,31.46,Car,1903.36,-1.60
65.00,0.01,90.00,2,e1_0,138.69,0.00,31.55,Car,1832.54,-1.60
65.00,0.03,90.00,3,e1_0,95.15,0.00,31.23,Car,1762.47,-1.60
65.00,0.00,90.00,4,e1_0,35.10,0.00,33.53,Car,1665.83,-1.60
66.00,-3.35,90.00,0,e1_0,338.56,0.00,13.41,Car,2154.20,-1.60
66.00,0.00,90.00,1,e1_0,214.16,0.00,31.46,Car,1954.00,-1.60
66.00,0.01,90.00,2,e1_0,170.24,0.00,31.56,Car,1883.32,-1.60
66.00,0.03,90.00,3,e1_0,126.41,0.00,31.26,Car,1812.78,-1.60
66.00,0.00,90.00,4,e1_0,68.63,0.00,33.53,Car,1719.79,-1.60
67.00,-3.35,90.00,0,e1_0,348.62,0.00,10.06,Car,2170.39,-1.60
67.00,0.00,90.00,1,e1_0,245.62,0.00,31.46,Car,2004.63,-1.60
67.00,0.01,90.00,2,e1_0,201.81,0.00,31.56,Car,1934.12,-1.60
67.00,0.03,90.00,3,e1_0,157.70,0.00,31.29,Car,1863.13,-1.60
67.00,-0.04,90.00,4,e1_0,102.11,0.00,33.49,Car,1773.68,-1.60
68.00,-3.35,90.00,0,e1_0,355.33,0.00,6.71,Car,2181.18,-1.60
68.00,-1.37,90.00,1,e1_0,275.71,0.00,30.09,Car,2053.05,-1.60
68.00,0.01,90.00,2,e1_0,233.38,0.00,31.57,Car,1984.93,-1.60
68.00,0.03,90.00,3,e1_0,189.02,0.00,31.32,Car,1913.54,-1.60
68.00,-0.05,90.00,4,e1_0,135.55,0.00,33.43,Car,1827.48,-1.60
69.00,-3.35,90.00,0,e1_0,358.68,0.00,3.35,Car,2186.58,-1.60
69.00,-4.45,90.00,1,e1_0,301.35,0.00,25.64,Car,2094.31,-1.60
69.00,-0.07,90.00,2,e1_0,264.88,0.00,31.50,Car,2035.63,-1.60
69.00,0.03,90.00,3,e1_0,220.37,0.00,31.35,Car,1963.99,-1.60
69.00,-0.06,90.00,4,e1_0,168.92,0.00,33.38,Car,1881.20,-1.60
70.00,-3.35,90.00,0,e1_0,358.68,0.00,0.00,Car,2186.58,-1.60
70.00,-4.67,90.00,1,e1_0,322.31,0.00,20.97,Car,2128.05,-1.60
70.00,-3.31,90.00,2,e1_0,293.07,0.00,28.19,Car,2081.00,-1.60
70.00,0.02,90.00,3,e1_0,251.74,0.00,31.37,Car,2014.48,-1.60
70.00,-0.06,90.00,4,e1_0,202.24,0.00,33.31,Car,1934.81,-1.60
71.00,2.60,90.00,0,e1_0,361.28,0.00,2.60,Car,2190.76,-1.60
71.00,-5.00,90.00,1,e1_0,338.28,0.00,15.97,Car,2153.75,-1.60
71.00,-5.07,90.00,2,e1_0,316.19,0.00,23.12,Car,2118.20,-1.60
71.00,-0.38,90.00,3,e1_0,282.74,0.00,31.00,Car,2064.36,-1.60
71.00,-0.07,90.00,4,e1_0,235.48,0.00,33.24,Car,1988.31,-1.60
72.00,2.60,90.00,0,e1_0,366.48,0.00,5.20,Car,2199.13,-1.60
72.00,-4.30,90.00,1,e1_0,349.95,0.00,11.67,Car,2172.52,-1.60
72.00,-5.58,90.00,2,e1_0,333.74,0.00,17.54,Car,2146.44,-1.60
72.00,-5.40,90.00,3,e1_0,308.33,0.00,25.59,Car,2105.55,-1.60
72.00,-0.10,90.00,4,e1_0,268.63,0.00,33.15,Car,2041.65,-1.60
73.00,2.60,90.00,0,e1_0,374.28,0.00,7.80,Car,2211.69,-1.60
73.00,-2.85,90.00,1,e1_0,358.76,0.00,8.82,Car,2186.72,-1.60
73.00,-5.67,90.00,2,e1_0,345.61,0.00,11.87,Car,2165.54,-1.60
73.00,-5.96,90.00,3,e1_0,327.96,0.00,19.63,Car,2137.15,-1.60
73.00,-4.45,90.00,4,e1_0,297.32,0.00,28.70,Car,2087.83,-1.60
74.00,2.60,90.00,0,e1_0,384.68,0.00,10.40,Car,2228.42,-1.60
74.00,-1.68,90.00,1,e1_0,365.90,0.00,7.14,Car,2198.20,-1.60
74.00,-4.36,90.00,2,e1_0,353.12,0.00,7.51,Car,2177.63,-1.60
74.00,-6.34,90.00,3,e1_0,341.26,0.00,13.29,Car,2158.54,-1.60
74.00,-6.36,90.00,4,e1_0,319.66,0.00,22.34,Car,2123.78,-1.60
75.00,2.60,90.00,0,e1_0,397.68,0.00,13.00,Car,2249.34,-1.60
75.00,0.09,90.00,1,e1_0,373.13,0.00,7.23,Car,2209.83,-1.60
75.00,-2.37,90.00,2,e1_0,358.27,0.00,5.15,Car,2185.92,-1.60
75.00,-5.75,90.00,3,e1_0,348.80,0.00,7.54,Car,2170.68,-1.60
75.00,-6.79,90.00,4,e1_0,335.20,0.00,15.55,Car,2148.80,-1.60
76.00,2.60,90.00,0,e1_0,413.28,0.00,15.60,Car,2274.45,-1.60
76.00,2.60,90.00,1,e1_0,382.96,0.00,9.83,Car,2225.65,-1.60
76.00,-0.14,90.00,2,e1_0,363.27,0.00,5.00,Car,2193.97,-1.60
76.00,-4.04,90.00,3,e1_0,352.30,0.00,3.50,Car,2176.32,-1.60
76.00,-6.73,90.00,4,e1_0,344.02,0.00,8.82,Car,2162.99,-1.60
77.00,2.60,90.00,0,e1_0,431.48,0.00,18.20,Car,2303.74,-1.60
77.00,2.60,90.00,1,e1_0,395.38,0.00,12.43,Car,2245.65,-1.60
77.00,2.60,90.00,2,e1_0,370.88,0.00,7.60,Car,2206.21,-1.60
77.00,-1.27,90.00,3,e1_0,354.54,0.00,2.24,Car,2179.91,-1.60
77.00,-7.26,90.00,4,e1_0,345.58,0.00,1.56,Car,2165.50,-1.60
78.00,2.60,90.00,0,e1_0,452.28,0.00,20.80,Car,2337.21,-1.60
78.00,2.60,90.00,1,e1_0,410.41,0.00,15.03,Car,2269.83,-1.60
78.00,2.60,90.00,2,e1_0,381.08,0.00,10.20,Car,2222.63,-1.60
78.00,2.60,90.00,3,e1_0,359.37,0.00,4.84,Car,2187.70,-1.60
78.00,-1.50,90.00,4,e1_0,345.64,0.00,0.06,Car,2165.59,-1.60
79.00,2.60,90.00,0,e1_0,475.68,0.00,23.40,Car,2374.87,-1.60
79.00,2.60,90.00,1,e1_0,428.03,0.00,17.63,Car,2298.19,-1.60
79.00,2.60,90.00,2,e1_0,393.89,0.00,12.80,Car,2243.24,-1.60
79.00,2.60,90.00,3,e1_0,366.81,0.00,7.44,Car,2199.66,-1.60
79.00,2.60,90.00,4,e1_0,348.30,0.00,2.66,Car,2169.87,-1.60
80.00,2.60,90.00,0,e1_0,501.68,0.00,26.00,Car,2416.72,-1.60
80.00,2.60,90.00,1,e1_0,448.26,0.00,20.23,Car,2330.75,-1.60
80.00,2.60,90.00,2,e1_0,409.29,0.00,15.40,Car,2268.03,-1.60
80.00,2.60,90.00,3,e1_0,376.84,0.00,10.04,Car,2215.81,-1.60
80.00,2.60,90.00,4,e1_0,353.55,0.00,5.26,Car,2178.33,-1.60
81.00,2.60,90.00,0,e1_0,530.28,0.00,28.60,Car,2462.74,-1.60
81.00,2.60,90.00,1,e1_0,471.09,0.00,22.83,Car,2367.48,-1.60
81.00,2.60,90.00,2,e1_0,427.30,0.00,18.00,Car,2297.01,-1.60
81.00,2.60,90.00,3,e1_0,389.48,0.00,12.64,Car,2236.15,-1.60
81.00,2.60,90.00,4,e1_0,361.41,0.00,7.86,Car,2190.98,-1.60
82.00,2.60,90.00,0,e1_0,561.48,0.00,31.20,Car,2512.96,-1.60
82.00,2.60,90.00,1,e1_0,496.51,0.00,25.43,Car,2408.40,-1.60
82.00,2.60,90.00,2,e1_0,447.90,0.00,20.60,Car,2330.17,-1.60
82.00,2.60,90.00,3,e1_0,404.71,0.00,15.24,Car,2260.66,-1.60
82.00,2.60,90.00,4,e1_0,371.87,0.00,10.46,Car,2207.81,-1.60
83.00,2.33,90.00,0,e1_0,595.01,0.00,33.53,Car,2566.91,-1.60
83.00,2.41,90.00,1,e1_0,524.35,0.00,27.84,Car,2453.21,-1.60
83.00,2.60,90.00,2,e1_0,471.10,0.00,23.20,Car,2367.51,-1.60
83.00,2.60,90.00,3,e1_0,422.55,0.00,17.84,Car,2289.37,-1.60
83.00,2.60,90.00,4,e1_0,384.93,0.00,13.06,Car,2228.82,-1.60
84.00,0.00,90.00,0,e1_0,628.54,0.00,33.53,Car,2620.87,-1.60
84.00,1.45,90.00,1,e1_0,553.64,0.00,29.29,Car,2500.34,-1.60
84.00,2.60,90.00,2,e1_0,496.91,0.00,25.80,Car,2409.04,-1.60
84.00,2.60,90.00,3,e1_0,442.98,0.00,20.44,Car,2322.25,-1.60
84.00,2.60,90.00,4,e1_0,400.58,0.00,15.66,Car,2254.02,-1.60
85.00,0.00,90.00,0,e1_0,662.06,0.00,33.53,Car,2674.83,-1.60
85.00,0.87,90.00,1,e1_0,583.80,0.00,30.16,Car,2548.87,-1.60
85.00,2.60,90.00,2,e1_0,525.31,0.00,28.40,Car,2454.75,-1.60
85.00,2.60,90.00,3,e1_0,466.02,0.00,23.04,Car,2359.33,-1.60
85.00,2.60,90.00,4,e1_0,418.84,0.00,18.26,Car,2283.40,-1.60
86.00,0.00,90.00,0,e1_0,695.59,0.00,33.53,Car,2728.79,-1.60
86.00,0.52,90.00,1,e1_0,614.48,0.00,30.68,Car,2598.25,-1.60
86.00,2.05,90.00,2,e1_0,555.77,0.00,30.45,Car,2503.76,-1.60
86.00,2.60,90.00,3,e1_0,491.65,0.00,25.64,Car,2400.58,-1.60
86.00,2.60,90.00,4,e1_0,439.70,0.00,20.86,Car,2316.97,-1.60
87.00,0.00,90.00,0,e1_0,729.12,0.00,33.53,Car,2782.75,-1.60
87.00,0.31,90.00,1,e1_0,645.47,0.00,30.99,Car,2648.13,-1.60
87.00,1.23,90.00,2,e1_0,587.45,0.00,31.68,Car,2554.75,-1.60
87.00,2.60,90.00,3,e1_0,519.89,0.00,28.24,Car,2446.02,-1.60
87.00,2.60,90.00,4,e1_0,463.16,0.00,23.46,Car,2354.72,-1.60
88.00,0.00,90.00,0,e1_0,762.65,0.00,33.53,Car,2836.70,-1.60
88.00,0.19,90.00,1,e1_0,676.65,0.00,31.18,Car,2698.30,-1.60
88.00,0.74,90.00,2,e1_0,619.87,0.00,32.42,Car,2606.93,-1.60
88.00,2.12,90.00,3,e1_0,550.24,0.00,30.35,Car,2494.87,-1.60
88.00,2.60,90.00,4,e1_0,489.22,0.00,26.06,Car,2396.66,-1.60
89.00,0.00,90.00,0,e1_0,796.18,0.00,33.53,Car,2890.66,-1.60
89.00,0.11,90.00,1,e1_0,707.94,0.00,31.29,Car,2748.66,-1.60
89.00,0.44,90.00,2,e1_0,652.74,0.00,32.86,Car,2659.82,-1.60
89.00,1.27,90.00,3,e1_0,581.86,0.00,31.62,Car,2545.76,-1.60
89.00,2.60,90.00,4,e1_0,517.87,0.00,28.66,Car,2442.78,-1.60
90.00,0.00,90.00,0,e1_0,829.70,0.00,33.53,Car,2944.62,-1.60
90.00,0.07,90.00,1,e1_0,739.30,0.00,31.36,Car,2799.13,-1.60
90.00,0.01,90.00,2,e1_0,685.61,0.00,32.87,Car,2712.72,-1.60
90.00,0.76,90.00,3,e1_0,614.25,0.00,32.38,Car,2597.88,-1.60
90.00,1.95,90.00,4,e1_0,548.48,0.00,30.61,Car,2492.03,-1.60
91.00,0.00,90.00,0,e1_0,863.23,0.00,33.53,Car,2998.58,-1.60
91.00,0.04,90.00,1,e1_0,770.70,0.00,31.40,Car,2849.67,-1.60
91.00,-0.02,90.00,2,e1_0,718.45,0.00,32.85,Car,2765.58,-1.60
91.00,0.46,90.00,3,e1_0,647.09,0.00,32.84,Car,2650.73,-1.60
91.00,1.17,90.00,4,e1_0,580.25,0.00,31.77,Car,2543.17,-1.60
92.00,0.00,90.00,0,e1_0,896.76,0.00,33.53,Car,3052.54,-1.60
92.00,0.02,90.00,1,e1_0,802.13,0.00,31.42,Car,2900.24,-1.60
92.00,-0.03,90.00,2,e1_0,751.28,0.00,32.82,Car,2818.40,-1.60
92.00,0.27,90.00,3,e1_0,680.21,0.00,33.12,Car,2704.03,-1.60
92.00,0.70,90.00,4,e1_0,612.73,0.00,32.48,Car,2595.43,-1.60
93.00,0.00,90.00,0,e1_0,930.29,0.00,33.53,Car,3106.49,-1.60
93.00,0.01,90.00,1,e1_0,833.57,0.00,31.44,Car,2950.84,-1.60
93.00,-0.03,90.00,2,e1_0,784.07,0.00,32.79,Car,2871.17,-1.60
93.00,0.16,90.00,3,e1_0,713.49,0.00,33.28,Car,2757.59,-1.60
93.00,0.42,90.00,4,e1_0,645.63,0.00,32.90,Car,2648.38,-1.60
94.00,0.00,90.00,0,e1_0,963.82,0.00,33.53,Car,3160.45,-1.60
94.00,0.01,90.00,1,e1_0,865.02,0.00,31.45,Car,3001.45,-1.60
94.00,-0.04,90.00,2,e1_0,816.82,0.00,32.76,Car,2923.89,-1.60
94.00,0.10,90.00,3,e1_0,746.87,0.00,33.38,Car,2811.31,-1.60
94.00,0.25,90.00,4,e1_0,678.78,0.00,33.15,Car,2701.72,-1.60
95.00,0.00,90.00,0,e1_0,997.34,0.00,33.53,Car,3214.41,-1.60
95.00,0.01,90.00,1,e1_0,896.47,0.00,31.45,Car,3052.07,-1.60
95.00,-0.04,90.00,2,e1_0,849.54,0.00,32.72,Car,2976.54,-1.60
95.00,0.06,90.00,3,e1_0,780.31,0.00,33.44,Car,2865.12,-1.60
95.00,0.15,90.00,4,e1_0,712.08,0.00,33.30,Car,2755.32,-1.60
96.00,0.00,90.00,0,e1_0,1030.87,0.00,33.53,Car,3268.37,-1.60
96.00,0.00,90.00,1,e1_0,927.93,0.00,31.46,Car,3102.69,-1.60
96.00,-0.04,90.00,2,e1_0,882.21,0.00,32.67,Car,3029.12,-1.60
96.00,0.04,90.00,3,e1_0,813.78,0.00,33.47,Car,2919.00,-1.60
96.00,0.09,90.00,4,e1_0,745.47,0.00,33.39,Car,2809.06,-1.60
97.00,0.00,90.00,0,e1_0,1064.40,0.00,33.53,Car,3322.33,-1.60
97.00,0.00,90.00,1,e1_0,959.39,0.00,31.46,Car,3153.32,-1.60
97.00,-0.05,90.00,2,e1_0,914.83,0.00,32.62,Car,3081.62,-1.60
97.00,0.02,90.00,3,e1_0,847.28,0.00,33.50,Car,2972.90,-1.60
97.00,0.05,90.00,4,e1_0,778.91,0.00,33.45,Car,2862.88,-1.60
98.00,0.00,90.00,0,e1_0,1097.93,0.00,33.53,Car,3376.28,-1.60
98.00,0.00,90.00,1,e1_0,990.84,0.00,31.46,Car,3203.95,-1.60
98.00,-0.05,90.00,2,e1_0,947.40,0.00,32.57,Car,3134.04,-1.60
98.00,0.01,90.00,3,e1_0,880.79,0.00,33.51,Car,3026.83,-1.60
98.00,0.03,90.00,4,e1_0,812.39,0.00,33.48,Car,2916.76,-1.60
99.00,0.00,90.00,0,e1_0,1131.46,0.00,33.53,Car,3430.24,-1.60
99.00,0.00,90.00,1,e1_0,1022.31,0.00,31.46,Car,3254.58,-1.60
99.00,-0.05,90.00,2,e1_0,979.92,0.00,32.52,Car,3186.37,-1.60
99.00,0.01,90.00,3,e1_0,914.30,0.00,33.52,Car,3080.77,-1.60
99.00,0.02,90.00,4,e1_0,845.89,0.00,33.50,Car,2970.67,-1.60
100.00,0.00,90.00,0,e1_0,1164.98,0.00,33.53,Car,3484.20,-1.60
100.00,0.00,90.00,1,e1_0,1053.77,0.00,31.46,Car,3305.21,-1.60
100.00,-0.12,90.00,2,e1_0,1012.32,0.00,32.40,Car,3238.52,-1.60
100.00,0.00,90.00,3,e1_0,947.82,0.00,33.52,Car,3134.72,-1.60
100.00,0.01,90.00,4,e1_0,879.40,0.00,33.51,Car,3024.60,-1.60
101.00,0.00,90.00,0,e1_0,1198.51,0.00,33.53,Car,3538.16,-1.60
101.00,0.00,90.00,1,e1_0,1085.23,0.00,31.46,Car,3355.84,-1.60
101.00,-0.49,90.00,2,e1_0,1044.24,0.00,31.92,Car,3289.88,-1.60
101.00,0.00,90.00,3,e1_0,981.35,0.00,33.52,Car,3188.67,-1.60
101.00,0.01,90.00,4,e1_0,912.92,0.00,33.52,Car,3078.54,-1.60
102.00,0.00,90.00,0,e1_0,1232.04,0.00,33.53,Car,3592.12,-1.60
102.00,0.00,90.00,1,e1_0,1116.69,0.00,31.46,Car,3406.48,-1.60
102.00,-0.47,90.00,2,e1_0,1075.69,0.00,31.45,Car,3340.50,-1.60
102.00,0.00,90.00,3,e1_0,1014.87,0.00,33.53,Car,3242.62,-1.60
102.00,0.00,90.00,4,e1_0,946.44,0.00,33.52,Car,3132.49,-1.60
103.00,0.00,90.00,0,e1_0,1265.57,0.00,33.53,Car,3646.08,-1.60
103.00,0.00,90.00,1,e1_0,1148.15,0.00,31.46,Car,3457.11,-1.60
103.00,-0.23,90.00,2,e1_0,1106.92,0.00,31.22,Car,3390.75,-1.60
103.00,0.00,90.00,3,e1_0,1048.40,0.00,33.53,Car,3296.58,-1.60
103.00,0.00,90.00,4,e1_0,979.97,0.00,33.52,Car,3186.44,-1.60
104.00,0.00,90.00,0,e1_0,1299.10,0.00,33.53,Car,3700.03,-1.60
104.00,0.00,90.00,1,e1_0,1179.61,0.00,31.46,Car,3507.74,-1.60
104.00,0.00,90.00,2,e1_0,1138.14,0.00,31.23,Car,3441.01,-1.60
104.00,0.00,90.00,3,e1_0,1081.93,0.00,33.53,Car,3350.53,-1.60
104.00,0.00,90.00,4,e1_0,1013.49,0.00,33.53,Car,3240.40,-1.60
105.00,0.00,90.00,0,e1_0,1332.62,0.00,33.53,Car,3753.99,-1.60
105.00,0.00,90.00,1,e1_0,1211.07,0.00,31.46,Car,3558.37,-1.60
105.00,0.01,90.00,2,e1_0,1169.39,0.00,31.24,Car,3491.28,-1.60
105.00,-0.05,90.00,3,e1_0,1115.40,0.00,33.48,Car,3404.41,-1.60
105.00,0.00,90.00,4,e1_0,1047.02,0.00,33.53,Car,3294.35,-1.60
106.00,0.00,90.00,0,e1_0,1366.15,0.00,33.53,Car,3807.95,-1.60
106.00,0.00,90.00,1,e1_0,1242.53,0.00,31.46,Car,3609.01,-1.60
106.00,0.01,90.00,2,e1_0,1200.64,0.00,31.26,Car,3541.58,-1.60
106.00,-0.06,90.00,3,e1_0,1148.82,0.00,33.41,Car,3458.18,-1.60
106.00,0.00,90.00,4,e1_0,1080.54,0.00,33.53,Car,3348.31,-1.60
107.00,0.00,90.00,0,e1_0,1399.68,0.00,33.53,Car,3861.91,-1.60
107.00,0.00,90.00,1,e1_0,1273.99,0.00,31.46,Car,3659.64,-1.60
107.00,0.01,90.00,2,e1_0,1231.91,0.00,31.27,Car,3591.91,-1.60
107.00,-0.07,90.00,3,e1_0,1182.16,0.00,33.34,Car,3511.85,-1.60
107.00,0.00,90.00,4,e1_0,1114.07,0.00,33.53,Car,3402.27,-1.60
108.00,0.00,90.00,0,e1_0,1433.21,0.00,33.53,Car,3915.87,-1.60
108.00,0.00,90.00,1,e1_0,1305.46,0.00,31.46,Car,3710.27,-1.60
108.00,0.01,90.00,2,e1_0,1263.19,0.00,31.28,Car,3642.25,-1.60
108.00,-0.08,90.00,3,e1_0,1215.43,0.00,33.27,Car,3565.39,-1.60
108.00,0.00,90.00,4,e1_0,1147.60,0.00,33.53,Car,3456.22,-1.60
109.00,0.00,90.00,0,e1_0,1466.74,0.00,33.53,Car,3969.82,-1.60
109.00,0.00,90.00,1,e1_0,1336.92,0.00,31.46,Car,3760.90,-1.60
109.00,0.01,90.00,2,e1_0,1294.49,0.00,31.30,Car,3692.62,-1.60
109.00,-0.08,90.00,3,e1_0,1248.62,0.00,33.19,Car,3618.80,-1.60
109.00,0.00,90.00,4,e1_0,1181.13,0.00,33.53,Car,3510.18,-1.60
110.00,0.00,90.00,0,e1_0,1500.26,0.00,33.53,Car,4023.78,-1.60
110.00,0.00,90.00,1,e1_0,1368.38,0.00,31.46,Car,3811.53,-1.60
110.00,0.01,90.00,2,e1_0,1325.81,0.00,31.31,Car,3743.02,-1.60
110.00,-0.09,90.00,3,e1_0,1281.72,0.00,33.10,Car,3672.08,-1.60
110.00,0.00,90.00,4,e1_0,1214.66,0.00,33.53,Car,3564.14,-1.60
111.00,0.00,90.00,0,e1_0,1533.79,0.00,33.53,Car,4077.74,-1.60
111.00,0.00,90.00,1,e1_0,1399.84,0.00,31.46,Car,3862.17,-1.60
111.00,0.01,90.00,2,e1_0,1357.13,0.00,31.33,Car,3793.43,-1.60
111.00,-0.09,90.00,3,e1_0,1314.74,0.00,33.02,Car,3725.21,-1.60
111.00,0.00,90.00,4,e1_0,1248.18,0.00,33.53,Car,3618.10,-1.60
112.00,0.00,90.00,0,e1_0,1567.32,0.00,33.53,Car,4131.70,-1.60
112.00,0.00,90.00,1,e1_0,1431.30,0.00,31.46,Car,3912.80,-1.60
112.00,0.01,90.00,2,e1_0,1388.47,0.00,31.34,Car,3843.87,-1.60
112.00,-0.37,90.00,3,e1_0,1347.39,0.00,32.65,Car,3777.75,-1.60
112.00,0.00,90.00,4,e1_0,1281.71,0.00,33.53,Car,3672.06,-1.60
113.00,0.00,90.00,0,e1_0,1600.85,0.00,33.53,Car,4185.66,-1.60
113.00,0.00,90.00,1,e1_0,1462.76,0.00,31.46,Car,3963.43,-1.60
113.00,0.01,90.00,2,e1_0,1419.83,0.00,31.36,Car,3894.34,-1.60
113.00,-0.78,90.00,3,e1_0,1379.25,0.00,31.86,Car,3829.02,-1.60
113.00,0.00,90.00,4,e1_0,1315.24,0.00,33.53,Car,3726.01,-1.60
114.00,0.00,90.00,0,e1_0,1634.38,0.00,33.53,Car,4239.61,-1.60
114.00,0.00,90.00,1,e1_0,1494.22,0.00,31.46,Car,4014.06,-1.60
114.00,0.01,90.00,2,e1_0,1451.20,0.00,31.37,Car,3944.82,-1.60
114.00,-0.64,90.00,3,e1_0,1410.47,0.00,31.22,Car,3879.27,-1.60
114.00,0.00,90.00,4,e1_0,1348.77,0.00,33.53,Car,3779.97,-1.60
115.00,0.00,90.00,0,e1_0,1667.90,0.00,33.53,Car,4293.57,-1.60
115.00,0.00,90.00,1,e1_0,1525.69,0.00,31.46,Car,4064.70,-1.60
115.00,0.01,90.00,2,e1_0,1482.58,0.00,31.38,Car,3995.33,-1.60
115.00,-0.25,90.00,3,e1_0,1441.45,0.00,30.98,Car,3929.12,-1.60
115.00,0.00,90.00,4,e1_0,1382.30,0.00,33.53,Car,3833.93,-1.60
116.00,0.00,90.00,0,e1_0,1701.43,0.00,33.53,Car,4347.53,-1.60
116.00,0.00,90.00,1,e1_0,1557.15,0.00,31.46,Car,4115.33,-1.60
116.00,0.01,90.00,2,e1_0,1513.98,0.00,31.40,Car,4045.86,-1.60
116.00,0.07,90.00,3,e1_0,1472.50,0.00,31.05,Car,3979.09,-1.60
116.00,0.00,90.00,4,e1_0,1415.82,0.00,33.53,Car,3887.89,-1.60
117.00,0.00,90.00,0,e1_0,1734.96,0.00,33.53,Car,4401.49,-1.60
117.00,0.00,90.00,1,e1_0,1588.61,0.00,31.46,Car,4165.96,-1.60
117.00,0.01,90.00,2,e1_0,1545.39,0.00,31.41,Car,4096.40,-1.60
117.00,0.02,90.00,3,e1_0,1503.57,0.00,31.07,Car,4029.10,-1.60
117.00,-0.06,90.00,4,e1_0,1449.29,0.00,33.47,Car,3941.75,-1.60
118.00,0.00,90.00,0,e1_0,1768.49,0.00,33.53,Car,4455.45,-1.60
118.00,0.00,90.00,1,e1_0,1620.07,0.00,31.46,Car,4216.59,-1.60
118.00,0.01,90.00,2,e1_0,1576.81,0.00,31.42,Car,4146.97,-1.60
118.00,0.02,90.00,3,e1_0,1534.67,0.00,31.10,Car,4079.15,-1.60
118.00,-0.07,90.00,4,e1_0,1482.69,0.00,33.40,Car,3995.51,-1.60
119.00,0.00,90.00,0,e1_0,1802.02,0.00,33.53,Car,4509.41,-1.60
119.00,0.00,90.00,1,e1_0,1651.53,0.00,31.46,Car,4267.22,-1.60
119.00,0.01,90.00,2,e1_0,1608.24,0.00,31.43,Car,4197.56,-1.60
119.00,0.02,90.00,3,e1_0,1565.78,0.00,31.12,Car,4129.23,-1.60
119.00,-0.08,90.00,4,e1_0,1516.02,0.00,33.33,Car,4049.14,-1.60
120.00,0.00,90.00,0,e1_0,1835.54,0.00,33.53,Car,4563.36,-1.60
120.00,0.00,90.00,1,e1_0,1682.99,0.00,31.46,Car,4317.86,-1.60
120.00,0.01,90.00,2,e1_0,1639.69,0.00,31.44,Car,4248.16,-1.60
120.00,0.02,90.00,3,e1_0,1596.93,0.00,31.14,Car,4179.34,-1.60
120.00,-0.08,90.00,4,e1_0,1549.26,0.00,33.24,Car,4102.64,-1.60
121.00,0.00,90.00,0,e1_0,1869.07,0.00,33.53,Car,4617.32,-1.60
121.00,0.00,90.00,1,e1_0,1714.45,0.00,31.46,Car,4368.49,-1.60
121.00,0.01,90.00,2,e1_0,1671.14,0.00,31.46,Car,4298.79,-1.60
121.00,0.02,90.00,3,e1_0,1628.09,0.00,31.17,Car,4229.50,-1.60
121.00,-0.09,90.00,4,e1_0,1582.42,0.00,33.16,Car,4156.00,-1.60
122.00,0.00,90.00,0,e1_0,1902.60,0.00,33.53,Car,4671.28,-1.60
122.00,0.00,90.00,1,e1_0,1745.92,0.00,31.46,Car,4419.12,-1.60
122.00,0.01,90.00,2,e1_0,1702.61,0.00,31.47,Car,4349.42,-1.60
122.00,0.03,90.00,3,e1_0,1659.28,0.00,31.19,Car,4279.70,-1.60
122.00,-0.09,90.00,4,e1_0,1615.48,0.00,33.07,Car,4209.21,-1.60
123.00,0.00,90.00,0,e1_0,1936.13,0.00,33.53,Car,4725.24,-1.60
123.00,0.00,90.00,1,e1_0,1777.38,0.00,31.46,Car,4469.75,-1.60
123.00,0.01,90.00,2,e1_0,1734.08,0.00,31.47,Car,4400.08,-1.60
123.00,0.03,90.00,3,e1_0,1690.50,0.00,31.22,Car,4329.94,-1.60
123.00,-0.09,90.00,4,e1_0,1648.46,0.00,32.97,Car,4262.27,-1.60
124.00,0.00,90.00,0,e1_0,1969.66,0.00,33.53,Car,4779.20,-1.60
124.00,0.00,90.00,1,e1_0,1808.84,0.00,31.46,Car,4520.39,-1.60
124.00,0.01,90.00,2,e1_0,1765.57,0.00,31.48,Car,4450.75,-1.60
124.00,0.03,90.00,3,e1_0,1721.74,0.00,31.24,Car,4380.22,-1.60
124.00,-0.51,90.00,4,e1_0,1680.92,0.00,32.46,Car,4314.52,-1.60
125.00,0.00,90.00,0,e2_0,3.08,0.00,33.53,Car,4832.99,-1.60
125.00,0.00,90.00,1,e1_0,1840.30,0.00,31.46,Car,4571.02,-1.60
125.00,0.01,90.00,2,e1_0,1797.06,0.00,31.49,Car,4501.43,-1.60
125.00,0.03,90.00,3,e1_0,1753.01,0.00,31.27,Car,4430.54,-1.60
125.00,-0.82,90.00,4,e1_0,1712.56,0.00,31.64,Car,4365.43,-1.60
126.00,0.00,90.00,0,e2_0,36.61,0.00,33.53,Car,4886.95,-1.60
126.00,0.00,90.00,1,e1_0,1871.76,0.00,31.46,Car,4621.65,-1.60
126.00,0.01,90.00,2,e1_0,1828.56,0.00,31.50,Car,4552.12,-1.60
126.00,0.03,90.00,3,e1_0,1784.31,0.00,31.30,Car,4480.91,-1.60
126.00,-0.59,90.00,4,e1_0,1743.60,0.00,31.05,Car,4415.40,-1.60
127.00,0.00,90.00,0,e2_0,70.14,0.00,33.53,Car,4940.91,-1.60
127.00,0.00,90.00,1,e1_0,1903.22,0.00,31.46,Car,4672.28,-1.60
127.00,0.01,90.00,2,e1_0,1860.07,0.00,31.51,Car,4602.83,-1.60
127.00,0.03,90.00,3,e1_0,1815.63,0.00,31.32,Car,4531.32,-1.60
127.00,-0.17,90.00,4,e1_0,1774.48,0.00,30.88,Car,4465.09,-1.60
128.00,0.00,90.00,0,e2_0,103.67,0.00,33.53,Car,4994.87,-1.60
128.00,0.00,90.00,1,e1_0,1934.68,0.00,31.46,Car,4722.91,-1.60
128.00,0.01,90.00,2,e1_0,1891.58,0.00,31.51,Car,4653.54,-1.60
128.00,0.03,90.00,3,e1_0,1846.98,0.00,31.35,Car,4581.77,-1.60
128.00,0.02,90.00,4,e1_0,1805.37,0.00,30.89,Car,4514.81,-1.60
129.00,0.00,90.00,0,e2_0,137.20,0.00,33.53,Car,5048.83,-1.60
129.00,0.00,90.00,1,e1_0,1966.15,0.00,31.46,Car,4773.55,-1.60
129.00,0.01,90.00,2,e1_0,1923.10,0.00,31.52,Car,4704.27,-1.60
129.00,0.03,90.00,3,e1_0,1878.35,0.00,31.37,Car,4632.26,-1.60
129.00,0.03,90.00,4,e1_0,1836.29,0.00,30.92,Car,4564.56,-1.60
130.00,0.00,90.00,0,e2_0,170.72,0.00,33.53,Car,5102.78,-1.60
130.00,0.00,90.00,1,e1_0,1997.61,0.00,31.46,Car,4824.18,-1.60
130.00,0.01,90.00,2,e1_0,1954.62,0.00,31.52,Car,4755.00,-1.60
130.00,0.03,90.00,3,e1_0,1909.75,0.00,31.40,Car,4682.79,-1.60
130.00,0.03,90.00,4,e1_0,1867.24,0.00,30.95,Car,4614.37,-1.60
131.00,0.00,90.00,0,e2_0,204.25,0.00,33.53,Car,5156.74,-1.60
131.00,0.00,90.00,1,e2_0,28.97,0.00,31.46,Car,4874.65,-1.60
131.00,0.00,90.00,2,e1_0,1986.15,0.00,31.53,Car,4805.74,-1.60
131.00,0.02,90.00,3,e1_0,1941.18,0.00,31.42,Car,4733.36,-1.60
131.00,0.03,90.00,4,e1_0,1898.22,0.00,30.98,Car,4664.23,-1.60
132.00,0.00,90.00,0,e2_0,237.78,0.00,33.53,Car,5210.70,-1.60
132.00,0.00,90.00,1,e2_0,60.43,0.00,31.46,Car,4925.28,-1.60
132.00,0.00,90.00,2,e2_0,17.58,0.00,31.53,Car,4856.32,-1.60
132.00,0.02,90.00,3,e1_0,1972.62,0.00,31.45,Car,4783.97,-1.60
132.00,0.03,90.00,4,e1_0,1929.23,0.00,31.01,Car,4714.14,-1.60
133.00,0.00,90.00,0,e2_0,271.31,0.00,33.53,Car,5264.66,-1.60
133.00,0.00,90.00,1,e2_0,91.89,0.00,31.46,Car,4975.91,-1.60
133.00,0.00,90.00,2,e2_0,49.12,0.00,31.54,Car,4907.08,-1.60
133.00,0.02,90.00,3,e2_0,4.00,0.00,31.47,Car,4834.46,-1.60
133.00,0.04,90.00,4,e1_0,1960.28,0.00,31.05,Car,4764.11,-1.60
134.00,0.00,90.00,0,e2_0,304.84,0.00,33.53,Car,5318.61,-1.60
134.00,0.00,90.00,1,e2_0,123.35,0.00,31.46,Car,5026.55,-1.60
134.00,0.00,90.00,2,e2_0,80.65,0.00,31.54,Car,4957.83,-1.60
134.00,0.02,90.00,3,e2_0,35.49,0.00,31.49,Car,4885.15,-1.60
134.00,0.04,90.00,4,e1_0,1991.37,0.00,31.09,Car,4814.13,-1.60
135.00,0.00,90.00,0,e2_0,338.36,0.00,33.53,Car,5372.57,-1.60
135.00,0.00,90.00,1,e2_0,154.81,0.00,31.46,Car,5077.18,-1.60
135.00,0.00,90.00,2,e2_0,112.19,0.00,31.54,Car,5008.59,-1.60
135.00,0.02,90.00,3,e2_0,67.01,0.00,31.52,Car,4935.87,-1.60
135.00,0.04,90.00,4,e2_0,22.39,0.00,31.12,Car,4864.06,-1.60
136.00,0.00,90.00,0,e2_0,371.89,0.00,33.53,Car,5426.53,-1.60
136.00,0.00,90.00,1,e2_0,186.28,0.00,31.46,Car,5127.81,-1.60
136.00,0.00,90.00,2,e2_0,143.74,0.00,31.54,Car,5059.35,-1.60
136.00,0.02,90.00,3,e2_0,98.54,0.00,31.54,Car,4986.62,-1.60
136.00,0.04,90.00,4,e2_0,53.55,0.00,31.16,Car,4914.21,-1.60
137.00,0.00,90.00,0,e2_0,405.42,0.00,33.53,Car,5480.49,-1.60
137.00,0.00,90.00,1,e2_0,217.74,0.00,31.46,Car,5178.44,-1.60
137.00,0.00,90.00,2,e2_0,175.28,0.00,31.54,Car,5110.11,-1.60
137.00,0.02,90.00,3,e2_0,130.10,0.00,31.56,Car,5037.40,-1.60
137.00,0.04,90.00,4,e2_0,84.75,0.00,31.20,Car,4964.43,-1.60
138.00,0.00,90.00,0,e2_0,438.95,0.00,33.53,Car,5534.45,-1.60
138.00,0.00,90.00,1,e2_0,249.20,0.00,31.46,Car,5229.07,-1.60
138.00,0.00,90.00,2,e2_0,206.82,0.00,31.54,Car,5160.88,-1.60
138.00,0.02,90.00,3,e2_0,161.67,0.00,31.57,Car,5088.22,-1.60
138.00,0.04,90.00,4,e2_0,116.00,0.00,31.24,Car,5014.71,-1.60
139.00,0.00,90.00,0,e2_0,472.48,0.00,33.53,Car,5588.40,-1.60
139.00,0.00,90.00,1,e2_0,280.66,0.00,31.46,Car,5279.71,-1.60
139.00,0.00,90.00,2,e2_0,238.37,0.00,31.54,Car,5211.64,-1.60
139.00,0.02,90.00,3,e2_0,193.27,0.00,31.59,Car,5139.06,-1.60
139.00,0.04,90.00,4,e2_0,147.28,0.00,31.28,Car,5065.06,-1.60
140.00,0.00,90.00,0,e2_0,506.00,0.00,33.53,Car,5642.36,-1.60
140.00,0.00,90.00,1,e2_0,312.12,0.00,31.46,Car,5330.34,-1.60
140.00,-0.00,90.00,2,e2_0,269.91,0.00,31.54,Car,5262.40,-1.60
140.00,0.02,90.00,3,e2_0,224.87,0.00,31.61,Car,5189.93,-1.60
140.00,0.04,90.00,4,e2_0,178.61,0.00,31.32,Car,5115.47,-1.60
141.00,0.00,90.00,0,e2_0,539.53,0.00,33.53,Car,5696.32,-1.60
141.00,0.00,90.00,1,e2_0,343.58,0.00,31.46,Car,5380.97,-1.60
141.00,-0.00,90.00,2,e2_0,301.45,0.00,31.54,Car,5313.17,-1.60
141.00,0.01,90.00,3,e2_0,256.50,0.00,31.62,Car,5240.82,-1.60
141.00,0.04,90.00,4,e2_0,209.97,0.00,31.37,Car,5165.94,-1.60
142.00,0.00,90.00,0,e2_0,573.06,0.00,33.53,Car,5750.28,-1.60
142.00,0.00,90.00,1,e2_0,375.04,0.00,31.46,Car,5431.60,-1.60
142.00,-0.00,90.00,2,e2_0,332.99,0.00,31.54,Car,5363.93,-1.60
142.00,0.01,90.00,3,e2_0,288.13,0.00,31.64,Car,5291.73,-1.60
142.00,0.04,90.00,4,e2_0,241.38,0.00,31.41,Car,5216.49,-1.60
143.00,0.00,90.00,0,e2_0,606.59,0.00,33.53,Car,5804.24,-1.60
143.00,0.00,90.00,1,e2_0,406.51,0.00,31.46,Car,5482.24,-1.60
143.00,-0.00,90.00,2,e2_0,364.53,0.00,31.54,Car,5414.69,-1.60
143.00,0.01,90.00,3,e2_0,319.78,0.00,31.65,Car,5342.66,-1.60
143.00,0.04,90.00,4,e2_0,272.82,0.00,31.45,Car,5267.10,-1.60
144.00,0.00,90.00,0,e2_0,640.12,0.00,33.53,Car,5858.19,-1.60
144.00,0.00,90.00,1,e2_0,437.97,0.00,31.46,Car,5532.87,-1.60
144.00,-0.00,90.00,2,e2_0,396.07,0.00,31.54,Car,5465.44,-1.60
144.00,0.01,90.00,3,e2_0,351.44,0.00,31.66,Car,5393.61,-1.60
144.00,0.04,90.00,4,e2_0,304.31,0.00,31.49,Car,5317.77,-1.60
145.00,0.00,90.00,0,e2_0,673.64,0.00,33.53,Car,5912.15,-1.60
145.00,0.00,90.00,1,e2_0,469.43,0.00,31.46,Car,5583.50,-1.60
145.00,-0.00,90.00,2,e2_0,427.61,0.00,31.54,Car,5516.19,-1.60
145.00,0.01,90.00,3,e2_0,383.11,0.00,31.67,Car,5444.58,-1.60
145.00,0.04,90.00,4,e2_0,335.83,0.00,31.52,Car,5368.50,-1.60
146.00,0.00,90.00,0,e2_0,707.17,0.00,33.53,Car,5966.11,-1.60
146.00,0.00,90.00,1,e2_0,500.89,0.00,31.46,Car,5634.13,-1.60
146.00,-0.00,90.00,2,e2_0,459.14,0.00,31.53,Car,5566.94,-1.60
146.00,0.01,90.00,3,e2_0,414.78,0.00,31.68,Car,5495.56,-1.60
146.00,0.04,90.00,4,e2_0,367.40,0.00,31.56,Car,5419.30,-1.60
147.00,0.00,90.00,0,e2_0,740.70,0.00,33.53,Car,6020.07,-1.60
147.00,0.00,90.00,1,e2_0,532.35,0.00,31.46,Car,5684.76,-1.60
147.00,-0.00,90.00,2,e2_0,490.67,0.00,31.53,Car,5617.68,-1.60
147.00,0.01,90.00,3,e2_0,446.47,0.00,31.68,Car,5546.54,-1.60
147.00,0.04,90.00,4,e2_0,399.00,0.00,31.60,Car,5470.15,-1.60
148.00,0.00,90.00,0,e2_0,774.23,0.00,33.53,Car,6074.03,-1.60
148.00,0.00,90.00,1,e2_0,563.81,0.00,31.46,Car,5735.40,-1.60
148.00,0.07,90.00,2,e2_0,522.27,0.00,31.60,Car,5668.53,-1.60
148.00,0.01,90.00,3,e2_0,478.15,0.00,31.69,Car,5597.54,-1.60
148.00,0.04,90.00,4,e2_0,430.63,0.00,31.63,Car,5521.06,-1.60
149.00,0.00,90.00,0,e2_0,807.76,0.00,33.53,Car,6127.98,-1.60
149.00,0.00,90.00,1,e2_0,595.27,0.00,31.46,Car,5786.03,-1.60
149.00,-0.03,90.00,2,e2_0,553.84,0.00,31.57,Car,5719.34,-1.60
149.00,0.01,90.00,3,e2_0,509.85,0.00,31.70,Car,5648.55,-1.60
149.00,0.03,90.00,4,e2_0,462.30,0.00,31.67,Car,5572.03,-1.60
150.00,0.00,90.00,0,e2_0,841.28,0.00,33.53,Car,6181.94,-1.60
150.00,0.00,90.00,1,e2_0,626.73,0.00,31.46,Car,5836.66,-1.60
150.00,-0.07,90.00,2,e2_0,585.34,0.00,31.50,Car,5770.04,-1.60
150.00,0.01,90.00,3,e2_0,541.55,0.00,31.70,Car,5699.57,-1.60
150.00,0.03,90.00,4,e2_0,494.00,0.00,31.70,Car,5623.05,-1.60
151.00,0.00,90.00,0,e2_0,874.81,0.00,33.53,Car,6235.90,-1.60
151.00,0.00,90.00,1,e2_0,658.20,0.00,31.46,Car,5887.29,-1.60
151.00,-0.05,90.00,2,e2_0,616.79,0.00,31.45,Car,5820.65,-1.60
151.00,0.00,90.00,3,e2_0,573.25,0.00,31.70,Car,5750.59,-1.60
151.00,0.03,90.00,4,e2_0,525.73,0.00,31.73,Car,5674.11,-1.60
152.00,0.00,90.00,0,e2_0,908.34,0.00,33.53,Car,6289.86,-1.60
152.00,0.00,90.00,1,e2_0,689.66,0.00,31.46,Car,5937.92,-1.60
152.00,-0.02,90.00,2,e2_0,648.22,0.00,31.43,Car,5871.23,-1.60
152.00,-0.00,90.00,3,e2_0,604.95,0.00,31.70,Car,5801.60,-1.60
152.00,0.03,90.00,4,e2_0,557.49,0.00,31.76,Car,5725.23,-1.60
153.00,0.00,90.00,0,e2_0,941.87,0.00,33.53,Car,6343.82,-1.60
153.00,0.00,90.00,1,e2_0,721.12,0.00,31.46,Car,5988.56,-1.60
153.00,0.01,90.00,2,e2_0,679.65,0.00,31.43,Car,5921.82,-1.60
153.00,-0.01,90.00,3,e2_0,636.64,0.00,31.69,Car,5852.61,-1.60
153.00,0.03,90.00,4,e2_0,589.28,0.00,31.79,Car,5776.38,-1.60
154.00,0.00,90.00,0,e2_0,975.40,0.00,33.53,Car,6397.77,-1.60
154.00,0.00,90.00,1,e2_0,752.58,0.00,31.46,Car,6039.19,-1.60
154.00,0.02,90.00,2,e2_0,711.10,0.00,31.45,Car,5972.43,-1.60
154.00,-0.01,90.00,3,e2_0,668.33,0.00,31.69,Car,5903.60,-1.60
154.00,0.02,90.00,4,e2_0,621.09,0.00,31.81,Car,5827.58,-1.60
155.00,0.00,90.00,1,e2_0,784.04,0.00,31.46,Car,6089.82,-1.60
155.00,0.01,90.00,2,e2_0,742.56,0.00,31.46,Car,6023.07,-1.60
155.00,-0.01,90.00,3,e2_0,700.01,0.00,31.68,Car,5954.58,-1.60
155.00,0.02,90.00,4,e2_0,652.93,0.00,31.83,Car,5878.81,-1.60
156.00,0.00,90.00,1,e2_0,815.50,0.00,31.46,Car,6140.45,-1.60
156.00,0.01,90.00,2,e2_0,774.03,0.00,31.47,Car,6073.71,-1.60
156.00,-0.01,90.00,3,e2_0,731.68,0.00,31.67,Car,6005.56,-1.60
156.00,0.02,90.00,4,e2_0,684.78,0.00,31.85,Car,5930.08,-1.60
157.00,0.00,90.00,1,e2_0,846.96,0.00,31.46,Car,6191.08,-1.60
157.00,-0.00,90.00,2,e2_0,805.50,0.00,31.47,Car,6124.36,-1.60
157.00,-0.01,90.00,3,e2_0,763.35,0.00,31.67,Car,6056.52,-1.60
157.00,0.02,90.00,4,e2_0,716.65,0.00,31.87,Car,5981.37,-1.60
158.00,0.00,90.00,1,e2_0,878.43,0.00,31.46,Car,6241.72,-1.60
158.00,-0.00,90.00,2,e2_0,836.97,0.00,31.47,Car,6175.00,-1.60
158.00,-0.01,90.00,3,e2_0,795.01,0.00,31.66,Car,6107.47,-1.60
158.00,0.01,90.00,4,e2_0,748.54,0.00,31.89,Car,6032.68,-1.60
159.00,0.00,90.00,1,e2_0,909.89,0.00,31.46,Car,6292.35,-1.60
159.00,-0.00,90.00,2,e2_0,868.43,0.00,31.46,Car,6225.63,-1.60
159.00,-0.01,90.00,3,e2_0,826.66,0.00,31.65,Car,6158.40,-1.60
159.00,0.01,90.00,4,e2_0,780.44,0.00,31.90,Car,6084.02,-1.60
160.00,0.00,90.00,1,e2_0,941.35,0.00,31.46,Car,6342.98,-1.60
160.00,-0.00,90.00,2,e2_0,899.89,0.00,31.46,Car,6276.26,-1.60
160.00,0.05,90.00,3,e2_0,858.36,0.00,31.70,Car,6209.42,-1.60
160.00,0.01,90.00,4,e2_0,812.34,0.00,31.91,Car,6135.37,-1.60
161.00,0.00,90.00,1,e2_0,972.81,0.00,31.46,Car,6393.61,-1.60
161.00,0.00,90.00,2,e2_0,931.35,0.00,31.46,Car,6326.89,-1.60
161.00,-0.09,90.00,3,e2_0,889.97,0.00,31.62,Car,6260.30,-1.60
161.00,0.01,90.00,4,e2_0,844.26,0.00,31.92,Car,6186.74,-1.60
162.00,0.00,90.00,2,e2_0,962.81,0.00,31.46,Car,6377.52,-1.60
162.00,-0.12,90.00,3,e2_0,921.47,0.00,31.49,Car,6310.99,-1.60
162.00,0.00,90.00,4,e2_0,876.19,0.00,31.92,Car,6238.11,-1.60
163.00,2.07,90.00,2,e2_0,996.34,0.00,33.53,Car,6431.48,-1.60
163.00,-0.08,90.00,3,e2_0,952.89,0.00,31.42,Car,6361.55,-1.60
163.00,-0.00,90.00,4,e2_0,908.11,0.00,31.92,Car,6289.48,-1.60
164.00,0.11,90.00,3,e2_0,984.42,0.00,31.53,Car,6412.29,-1.60
164.00,-0.01,90.00,4,e2_0,940.01,0.00,31.91,Car,6340.83,-1.60
165.00,-0.01,90.00,4,e2_0,971.91,0.00,31.90,Car,6392.17,-1.60
166.00,,,,,,,,,,
